ID,Price,Date,Postcode,Type,Newbuild,Ownership,Street Number,Flat Number,Street Name,Area,Town,City,County,PricePer,NumOfRms,HouseSize,EnergyEfficiency,BuildDate,Postcode Prefix,Year
{A77AF0FC-4A66-4B27-8561-12508DF47FDE},57000,1995-01-13 00:00,DA18 4DU,T,0,F,2,,ST EDMUNDS CLOSE,ERITH,ERITH,BEXLEY,GREATER LONDON,478.991596638655,6.0,119.0,57.0,1975,DA18,1995
{2A289E9C-E372-CDC8-E050-A8C063054829},50000,1995-01-27 00:00,DA18 4HR,T,0,F,146,,LEATHERBOTTLE GREEN,,ERITH,BEXLEY,GREATER LONDON,446.428571428571,6.0,112.0,56.0,1975,DA18,1995
{2A289E9E-9789-CDC8-E050-A8C063054829},29995,1995-03-27 00:00,DA18 4HE,F,0,L,32,,GLIMPSING GREEN,,ERITH,BEXLEY,GREATER LONDON,648.540540540541,2.0,46.25,59.0,1982,DA18,1995
{2A289E9F-F49B-CDC8-E050-A8C063054829},22500,1995-03-30 00:00,DA18 4HE,F,0,L,4,,GLIMPSING GREEN,,ERITH,BEXLEY,GREATER LONDON,468.75,2.0,48.0,72.0,1982,DA18,1995
{2A289E9F-8D57-CDC8-E050-A8C063054829},32995,1995-05-05 00:00,DA18 4HB,F,0,L,79,,GLIMPSING GREEN,,ERITH,BEXLEY,GREATER LONDON,702.021276595745,2.0,47.0,63.0,1982,DA18,1995
{2A289E9F-A7E9-CDC8-E050-A8C063054829},47000,1995-07-14 00:00,DA18 4HN,T,0,F,13,,NORTHWOOD PLACE,,ERITH,BEXLEY,GREATER LONDON,602.564102564103,4.0,78.0,68.0,1975,DA18,1995
{2A289E9F-D207-CDC8-E050-A8C063054829},27500,1995-07-14 00:00,DA18 4HB,F,0,L,81,,GLIMPSING GREEN,,ERITH,BEXLEY,GREATER LONDON,572.916666666667,2.0,48.0,71.0,1982,DA18,1995
{2A289E9E-EF8A-CDC8-E050-A8C063054829},50000,1995-09-22 00:00,DA18 4HA,T,0,F,47,,GLIMPSING GREEN,,ERITH,BEXLEY,GREATER LONDON,609.756097560976,4.0,82.0,68.0,1982,DA18,1995
{2A289E9D-3652-CDC8-E050-A8C063054829},28000,1995-10-27 00:00,DA18 4HE,F,0,L,10,,GLIMPSING GREEN,,ERITH,BEXLEY,GREATER LONDON,589.101620029455,2.0,47.53,67.0,1975,DA18,1995
{C8ED0C3F-36CE-428A-AB10-5B13389E2DAF},52000,1995-11-27 00:00,DA18 4DS,T,0,F,17,,ST KATHERINES ROAD,ERITH,ERITH,BEXLEY,GREATER LONDON,320.394331484904,8.0,162.3,66.0,1982,DA18,1995
{2A289E9F-866E-CDC8-E050-A8C063054829},43000,1995-12-07 00:00,DA18 4HR,T,0,F,104,,LEATHERBOTTLE GREEN,,ERITH,BEXLEY,GREATER LONDON,581.081081081081,4.0,74.0,73.0,1995,DA18,1995
{2A289E9F-B638-CDC8-E050-A8C063054829},47500,1995-12-21 00:00,DA18 4DZ,T,0,F,15,,ST MARTINS CLOSE,,ERITH,BEXLEY,GREATER LONDON,420.353982300885,5.0,113.0,67.0,1975,DA18,1995
{2A289E9D-D38D-CDC8-E050-A8C063054829},45000,1996-02-16 00:00,DA18 4HA,T,0,F,13,,GLIMPSING GREEN,,ERITH,BEXLEY,GREATER LONDON,489.130434782609,4.0,92.0,67.0,1975,DA18,1996
{2A289E9E-016F-CDC8-E050-A8C063054829},42000,1996-02-22 00:00,DA18 4HB,T,0,L,73,,GLIMPSING GREEN,,ERITH,BEXLEY,GREATER LONDON,368.421052631579,6.0,114.0,76.0,1982,DA18,1996
{2A289E9F-1E56-CDC8-E050-A8C063054829},27000,1996-03-08 00:00,DA18 4DL,T,0,F,100,,HOLSTEIN WAY,,ERITH,BEXLEY,GREATER LONDON,296.703296703297,6.0,91.0,54.0,1966,DA18,1996
{2A289E9C-DBD1-CDC8-E050-A8C063054829},19875,1996-04-22 00:00,DA18 4DQ,T,1,F,27,,HOLSTEIN WAY,,ERITH,BEXLEY,GREATER LONDON,147.222222222222,9.0,135.0,61.0,1966,DA18,1996
{2A289E9E-38E4-CDC8-E050-A8C063054829},24000,1996-04-29 00:00,DA18 4HG,F,0,L,59,,PARKWAY,,ERITH,BEXLEY,GREATER LONDON,500.0,2.0,48.0,69.0,1966,DA18,1996
{2A289E9D-844C-CDC8-E050-A8C063054829},36000,1996-06-21 00:00,DA18 4DQ,T,0,F,59,,HOLSTEIN WAY,,ERITH,BEXLEY,GREATER LONDON,385.438972162741,5.0,93.4,57.0,1975,DA18,1996
{2A289E9F-4338-CDC8-E050-A8C063054829},49995,1996-07-10 00:00,DA18 4HQ,T,0,F,107,,PARKWAY,,ERITH,BEXLEY,GREATER LONDON,609.69512195122,4.0,82.0,77.0,1982,DA18,1996
{2A289E9D-DF73-CDC8-E050-A8C063054829},35000,1996-07-19 00:00,DA18 4DD,T,0,F,227,,MANGOLD WAY,,ERITH,BEXLEY,GREATER LONDON,374.451695731251,6.0,93.47,65.0,1975,DA18,1996
{2A289E9D-1051-CDC8-E050-A8C063054829},46500,1996-08-22 00:00,DA18 4DU,S,0,F,9,,ST EDMUNDS CLOSE,,ERITH,BEXLEY,GREATER LONDON,378.048780487805,8.0,123.0,75.0,1982,DA18,1996
{D44522C2-DF75-46A5-A950-C2335D33B58E},58000,1996-08-23 00:00,DA18 4DS,T,0,F,22,,ST KATHERINES ROAD,ERITH,ERITH,BEXLEY,GREATER LONDON,433.3856384966,7.0,133.83,76.0,1982,DA18,1996
{2A289E9F-B3C5-CDC8-E050-A8C063054829},49395,1996-08-29 00:00,DA18 4HD,T,0,F,104,,GLIMPSING GREEN,,ERITH,BEXLEY,GREATER LONDON,449.045454545455,6.0,110.0,69.0,1982,DA18,1996
{2A289E9D-35D1-CDC8-E050-A8C063054829},27750,1996-12-13 00:00,DA18 4DL,T,0,F,112,,HOLSTEIN WAY,,ERITH,BEXLEY,GREATER LONDON,265.423242467719,5.0,104.55,51.0,1975,DA18,1996
{2A289E9F-82F2-CDC8-E050-A8C063054829},40000,1997-01-15 00:00,DA18 4HA,T,0,F,19,,GLIMPSING GREEN,,ERITH,BEXLEY,GREATER LONDON,370.37037037037,5.0,108.0,53.0,1975,DA18,1997
{2A289E9F-EDE4-CDC8-E050-A8C063054829},42000,1997-01-17 00:00,DA18 4DZ,T,0,F,4,,ST MARTINS CLOSE,,ERITH,BEXLEY,GREATER LONDON,368.421052631579,7.0,114.0,64.0,1975,DA18,1997
{2A289E9D-B5F7-CDC8-E050-A8C063054829},19950,1997-03-13 00:00,DA18 4HY,F,0,L,32,,ASPEN GREEN,,ERITH,BEXLEY,GREATER LONDON,425.191815856777,2.0,46.92,70.0,1982,DA18,1997
{2A289E9D-F17B-CDC8-E050-A8C063054829},38000,1997-03-24 00:00,DA18 4DL,T,0,F,82,,HOLSTEIN WAY,,ERITH,BEXLEY,GREATER LONDON,214.689265536723,6.0,177.0,61.0,1966,DA18,1997
{2A289E9D-67E8-CDC8-E050-A8C063054829},47000,1997-04-18 00:00,DA18 4HG,T,0,F,1,,PARKWAY,,ERITH,BEXLEY,GREATER LONDON,494.736842105263,5.0,95.0,62.0,1990,DA18,1997
{2A289E9F-ED12-CDC8-E050-A8C063054829},34995,1997-04-30 00:00,DA18 4DQ,T,0,F,7,,HOLSTEIN WAY,,ERITH,BEXLEY,GREATER LONDON,385.407488986784,5.0,90.8,54.0,1975,DA18,1997
{2A289E9E-24C2-CDC8-E050-A8C063054829},42500,1997-05-02 00:00,DA18 4HD,S,0,F,118,,GLIMPSING GREEN,,ERITH,BEXLEY,GREATER LONDON,531.25,5.0,80.0,73.0,1982,DA18,1997
{2A289E9F-1E17-CDC8-E050-A8C063054829},42000,1997-05-09 00:00,DA18 4DX,T,0,F,10,,ST HELENS ROAD,,ERITH,BEXLEY,GREATER LONDON,344.262295081967,5.0,122.0,42.0,1975,DA18,1997
{2A289E9E-D670-CDC8-E050-A8C063054829},50000,1997-06-27 00:00,DA18 4HU,T,0,F,119,,ASPEN GREEN,,ERITH,BEXLEY,GREATER LONDON,520.833333333333,5.0,96.0,65.0,1966,DA18,1997
{2A289E9D-4098-CDC8-E050-A8C063054829},45000,1997-06-27 00:00,DA18 4HJ,T,0,F,4,,PARKWAY,,ERITH,BEXLEY,GREATER LONDON,576.923076923077,4.0,78.0,72.0,1982,DA18,1997
{2A289E9D-AC13-CDC8-E050-A8C063054829},22000,1997-08-04 00:00,DA18 4HD,F,0,L,62,,GLIMPSING GREEN,,ERITH,BEXLEY,GREATER LONDON,458.333333333333,2.0,48.0,67.0,1990,DA18,1997
{2A289E9D-E65B-CDC8-E050-A8C063054829},34000,1997-09-30 00:00,DA18 4DA,F,0,L,35,,MANGOLD WAY,,ERITH,BEXLEY,GREATER LONDON,290.598290598291,6.0,117.0,60.0,1975,DA18,1997
{2A289E9E-9C03-CDC8-E050-A8C063054829},44500,1997-10-03 00:00,DA18 4HD,T,0,F,92,,GLIMPSING GREEN,,ERITH,BEXLEY,GREATER LONDON,563.291139240506,4.0,79.0,73.0,1982,DA18,1997
{2A289E9F-7BC5-CDC8-E050-A8C063054829},36000,1997-10-03 00:00,DA18 4DJ,T,0,F,18,,HOLSTEIN WAY,,ERITH,BEXLEY,GREATER LONDON,391.304347826087,4.0,92.0,64.0,1975,DA18,1997
{6C1AE7D6-7EF1-4BFE-A53A-02DD414912AF},52000,1997-11-04 00:00,DA18 4HJ,T,0,F,42,,PARKWAY,ERITH,ERITH,BEXLEY,GREATER LONDON,525.252525252525,6.0,99.0,57.0,1975,DA18,1997
{2A289E9F-56FC-CDC8-E050-A8C063054829},45200,1997-11-14 00:00,DA18 4HH,S,0,F,80,,PARKWAY,,ERITH,BEXLEY,GREATER LONDON,645.714285714286,4.0,70.0,61.0,1990,DA18,1997
{2A289E9D-8EF9-CDC8-E050-A8C063054829},28000,1997-11-20 00:00,DA18 4DQ,T,0,F,69,,HOLSTEIN WAY,,ERITH,BEXLEY,GREATER LONDON,318.181818181818,4.0,88.0,61.0,1975,DA18,1997
{369FFD35-7990-4B38-A7D4-BCC5E206FF80},73000,1997-11-21 00:00,DA18 4HS,T,0,F,47,,LEATHERBOTTLE GREEN,ERITH,ERITH,BEXLEY,GREATER LONDON,722.772277227723,7.0,101.0,47.0,1975,DA18,1997
{2A289E9F-7524-CDC8-E050-A8C063054829},30500,1997-11-28 00:00,DA18 4DB,T,0,F,131,,MANGOLD WAY,,ERITH,BEXLEY,GREATER LONDON,327.956989247312,6.0,93.0,62.0,1966,DA18,1997
{6046CF88-86F1-442A-B612-3C7C74632012},62000,1997-11-28 00:00,DA18 4HX,S,0,F,84,,ASPEN GREEN,ERITH,ERITH,BEXLEY,GREATER LONDON,529.91452991453,6.0,117.0,69.0,1982,DA18,1997
{2A289E9F-ED5A-CDC8-E050-A8C063054829},35000,1997-12-12 00:00,DA18 4DQ,S,0,F,15,,HOLSTEIN WAY,,ERITH,BEXLEY,GREATER LONDON,370.762711864407,4.0,94.4,53.0,1966,DA18,1997
{5CC91632-942A-4085-A02D-C5927C4DC920},52500,1997-12-17 00:00,DA18 4HD,T,0,F,116,,GLIMPSING GREEN,ERITH,ERITH,BEXLEY,GREATER LONDON,673.076923076923,4.0,78.0,65.0,1982,DA18,1997
{2A289E9F-FCA7-CDC8-E050-A8C063054829},44000,1998-02-27 00:00,DA18 4DL,T,0,F,66,,HOLSTEIN WAY,,ERITH,BEXLEY,GREATER LONDON,415.094339622641,4.0,106.0,64.0,1949,DA18,1998
{2A289E9E-0536-CDC8-E050-A8C063054829},32000,1998-03-06 00:00,DA18 4DE,F,0,F,52,,MANGOLD WAY,,ERITH,BEXLEY,GREATER LONDON,333.333333333333,6.0,96.0,62.0,1929,DA18,1998
{2A289E9D-6861-CDC8-E050-A8C063054829},48000,1998-03-27 00:00,DA18 4HG,T,0,F,47,,PARKWAY,,ERITH,BEXLEY,GREATER LONDON,615.384615384615,4.0,78.0,66.0,1982,DA18,1998
{2A289E9F-FC71-CDC8-E050-A8C063054829},40000,1998-03-27 00:00,DA18 4DS,T,0,F,23,,ST KATHERINES ROAD,,ERITH,BEXLEY,GREATER LONDON,354.295837023915,5.0,112.9,71.0,1982,DA18,1998
{2A289E9E-95D8-CDC8-E050-A8C063054829},47000,1998-03-30 00:00,DA18 4DT,T,0,F,12,,ST BRIDES CLOSE,,ERITH,BEXLEY,GREATER LONDON,358.778625954198,6.0,131.0,63.0,1966,DA18,1998
{2A289E9D-3626-CDC8-E050-A8C063054829},26500,1998-03-30 00:00,DA18 4BG,F,0,L,"MUSCOVY HOUSE, 5",FLAT 20,KALE ROAD,,ERITH,BEXLEY,GREATER LONDON,540.816326530612,2.0,49.0,72.0,1966,DA18,1998
{2A289E9D-B2E9-CDC8-E050-A8C063054829},33000,1998-04-14 00:00,DA18 4BY,T,0,F,20,,REDPOLL WAY,,ERITH,BEXLEY,GREATER LONDON,351.063829787234,5.0,94.0,54.0,1975,DA18,1998
{2A289E9E-48FE-CDC8-E050-A8C063054829},35000,1998-04-24 00:00,DA18 4DE,T,0,F,50,,MANGOLD WAY,,ERITH,BEXLEY,GREATER LONDON,376.344086021505,5.0,93.0,57.0,1975,DA18,1998
{2A289E9E-6612-CDC8-E050-A8C063054829},37000,1998-05-08 00:00,DA18 4DB,T,0,F,171,,MANGOLD WAY,,ERITH,BEXLEY,GREATER LONDON,397.849462365591,6.0,93.0,62.0,1975,DA18,1998
{0B15050A-7B15-4AD2-A3EF-C95371939B52},64000,1998-06-05 00:00,DA18 4DX,S,0,L,7,,ST HELENS ROAD,ERITH,ERITH,BEXLEY,GREATER LONDON,494.972931167827,7.0,129.3,64.0,1982,DA18,1998
{5A897625-E5DE-421E-971F-38A5AC590E20},60000,1998-06-12 00:00,DA18 4HQ,T,0,F,107,,PARKWAY,ERITH,ERITH,BEXLEY,GREATER LONDON,731.707317073171,4.0,82.0,77.0,1982,DA18,1998
{2A289E9E-D1DC-CDC8-E050-A8C063054829},44500,1998-07-03 00:00,DA18 4DQ,T,0,F,87,,HOLSTEIN WAY,,ERITH,BEXLEY,GREATER LONDON,1780.0,2.0,25.0,65.0,1975,DA18,1998
{2A289E9E-65A1-CDC8-E050-A8C063054829},30000,1998-07-31 00:00,DA18 4HB,F,0,L,79,,GLIMPSING GREEN,,ERITH,BEXLEY,GREATER LONDON,638.297872340426,2.0,47.0,63.0,1982,DA18,1998
{2A289E9F-DAB6-CDC8-E050-A8C063054829},30000,1998-08-07 00:00,DA18 4HE,F,0,L,4,,GLIMPSING GREEN,,ERITH,BEXLEY,GREATER LONDON,625.0,2.0,48.0,72.0,1982,DA18,1998
{2A289E9C-FB52-CDC8-E050-A8C063054829},32000,1998-08-10 00:00,DA18 4HD,F,0,L,60,,GLIMPSING GREEN,,ERITH,BEXLEY,GREATER LONDON,653.061224489796,2.0,49.0,70.0,1990,DA18,1998
{2A289E9F-BD5A-CDC8-E050-A8C063054829},38000,1998-08-26 00:00,DA18 4DE,F,0,F,52,,MANGOLD WAY,,ERITH,BEXLEY,GREATER LONDON,395.833333333333,6.0,96.0,62.0,1929,DA18,1998
{2A289E9E-657F-CDC8-E050-A8C063054829},35000,1998-08-28 00:00,DA18 4HS,F,0,L,13,,LEATHERBOTTLE GREEN,,ERITH,BEXLEY,GREATER LONDON,475.285171102662,3.0,73.64,72.0,1990,DA18,1998
{5F288F3A-38AF-4577-8B1A-14795C57FC83},56000,1998-09-22 00:00,DA18 4DS,T,0,F,24,,ST KATHERINES ROAD,ERITH,ERITH,BEXLEY,GREATER LONDON,394.366197183099,6.0,142.0,62.0,1982,DA18,1998
{2A289E9E-1D6C-CDC8-E050-A8C063054829},35000,1998-09-25 00:00,DA18 4DL,T,0,F,92,,HOLSTEIN WAY,,ERITH,BEXLEY,GREATER LONDON,380.434782608696,4.0,92.0,55.0,1975,DA18,1998
{2A289E9E-2D2E-CDC8-E050-A8C063054829},28000,1998-11-30 00:00,DA18 4HE,F,0,L,6,,GLIMPSING GREEN,,ERITH,BEXLEY,GREATER LONDON,608.695652173913,2.0,46.0,73.0,1982,DA18,1998
{2A289E9E-87F8-CDC8-E050-A8C063054829},29995,1998-12-18 00:00,DA18 4HY,F,0,L,30,,ASPEN GREEN,,ERITH,BEXLEY,GREATER LONDON,621.014492753623,2.0,48.3,72.0,1990,DA18,1998
{2A289E9E-E150-CDC8-E050-A8C063054829},49000,1998-12-24 00:00,DA18 4HA,T,0,F,47,,GLIMPSING GREEN,,ERITH,BEXLEY,GREATER LONDON,597.560975609756,4.0,82.0,68.0,1982,DA18,1998
{2A289E9F-0A6E-CDC8-E050-A8C063054829},45000,1999-01-15 00:00,DA18 4DQ,T,0,F,27,,HOLSTEIN WAY,,ERITH,BEXLEY,GREATER LONDON,333.333333333333,9.0,135.0,61.0,1966,DA18,1999
{97708534-D3B4-4C65-B02E-448716365182},65000,1999-01-15 00:00,DA18 4HQ,T,0,F,149,,PARKWAY,,ERITH,BEXLEY,GREATER LONDON,596.330275229358,6.0,109.0,67.0,1982,DA18,1999
{2A289E9F-721B-CDC8-E050-A8C063054829},17000,1999-02-11 00:00,DA18 4BS,F,0,L,98,,MARAN WAY,,ERITH,BEXLEY,GREATER LONDON,217.948717948718,6.0,78.0,63.0,1975,DA18,1999
{2A289E9E-CBC2-CDC8-E050-A8C063054829},41500,1999-02-15 00:00,DA18 4HS,F,0,L,13,,LEATHERBOTTLE GREEN,,ERITH,BEXLEY,GREATER LONDON,563.552417164584,3.0,73.64,72.0,1990,DA18,1999
{9DCAAC3B-C567-489E-AF22-513BEE5AF3F1},73000,1999-03-19 00:00,DA18 4DS,T,0,F,17,,ST KATHERINES ROAD,,ERITH,BEXLEY,GREATER LONDON,449.784349969193,8.0,162.3,66.0,1982,DA18,1999
{41B20A06-37AE-4A2F-B12B-F0B57B83710B},55000,1999-03-29 00:00,DA18 4DS,T,0,F,14,,ST KATHERINES ROAD,,ERITH,BEXLEY,GREATER LONDON,450.819672131148,6.0,122.0,70.0,1975,DA18,1999
{2A289E9F-34DC-CDC8-E050-A8C063054829},31500,1999-04-20 00:00,DA18 4HG,F,0,L,59,,PARKWAY,,ERITH,BEXLEY,GREATER LONDON,656.25,2.0,48.0,69.0,1966,DA18,1999
{2A289E9F-B47C-CDC8-E050-A8C063054829},26500,1999-04-23 00:00,DA18 4HW,F,0,L,29,,LIME ROW,,ERITH,BEXLEY,GREATER LONDON,549.564496059726,3.0,48.22,73.0,1975,DA18,1999
{3EFA1846-2CC3-4F77-BC47-26C9BE9F5A11},65000,1999-04-30 00:00,DA18 4DX,T,0,F,17,,ST HELENS ROAD,,ERITH,BEXLEY,GREATER LONDON,561.458063401572,6.0,115.77,63.0,1982,DA18,1999
{2A289E9F-4E9F-CDC8-E050-A8C063054829},44995,1999-05-07 00:00,DA18 4DB,T,0,F,131,,MANGOLD WAY,,ERITH,BEXLEY,GREATER LONDON,483.817204301075,6.0,93.0,62.0,1966,DA18,1999
{2A289E9D-3107-CDC8-E050-A8C063054829},43000,1999-05-27 00:00,DA18 4DL,T,0,F,100,,HOLSTEIN WAY,,ERITH,BEXLEY,GREATER LONDON,472.527472527473,6.0,91.0,54.0,1966,DA18,1999
{2A289E9D-A7E2-CDC8-E050-A8C063054829},43000,1999-05-27 00:00,DA18 4DL,T,0,F,100,,HOLSTEIN WAY,,ERITH,BEXLEY,GREATER LONDON,472.527472527473,6.0,91.0,54.0,1966,DA18,1999
{10DA0645-E7A8-4D2B-B039-10F7E8E61BB9},69500,1999-07-22 00:00,DA18 4DS,T,0,F,3,,ST KATHERINES ROAD,,ERITH,BEXLEY,GREATER LONDON,518.656716417911,5.0,134.0,65.0,1975,DA18,1999
{779CEBE3-0FE2-49E6-8578-18DCBD572147},56500,1999-07-27 00:00,DA18 4HR,T,0,F,116,,LEATHERBOTTLE GREEN,,ERITH,BEXLEY,GREATER LONDON,553.921568627451,6.0,102.0,71.0,1982,DA18,1999
{9605911A-BE6B-48A7-BC72-E74E66F89556},62500,1999-08-31 00:00,DA18 4DZ,F,0,L,27,,ST MARTINS CLOSE,,ERITH,BEXLEY,GREATER LONDON,600.961538461538,6.0,104.0,66.0,1966,DA18,1999
{2A289E9D-F54A-CDC8-E050-A8C063054829},45000,1999-09-24 00:00,DA18 4DL,T,0,F,68,,HOLSTEIN WAY,,ERITH,BEXLEY,GREATER LONDON,346.153846153846,6.0,130.0,69.0,1982,DA18,1999
{D68B0E57-4043-40F0-B842-A7E48D4BD00E},56000,1999-10-01 00:00,DA18 4HN,T,0,F,13,,NORTHWOOD PLACE,,ERITH,BEXLEY,GREATER LONDON,717.948717948718,4.0,78.0,68.0,1975,DA18,1999
{D99BA6A9-4DEF-48BF-91C5-E6CA6F13788E},54000,1999-10-08 00:00,DA18 4HG,F,0,L,29,,PARKWAY,,ERITH,BEXLEY,GREATER LONDON,627.906976744186,3.0,86.0,64.0,1975,DA18,1999
{6B1F5096-A207-4795-B5EC-0AE709CEC8A2},54000,1999-10-29 00:00,DA18 4HR,T,0,F,100,,LEATHERBOTTLE GREEN,,ERITH,BEXLEY,GREATER LONDON,647.482014388489,3.0,83.4,52.0,1982,DA18,1999
{2A289E9F-D6EE-CDC8-E050-A8C063054829},45000,1999-10-29 00:00,DA18 4DH,T,0,F,99,,HOLSTEIN WAY,,ERITH,BEXLEY,GREATER LONDON,478.723404255319,6.0,94.0,67.0,1975,DA18,1999
{2A289E9D-E1A0-CDC8-E050-A8C063054829},35500,1999-11-12 00:00,DA18 4HA,F,0,L,5,,GLIMPSING GREEN,,ERITH,BEXLEY,GREATER LONDON,771.739130434783,2.0,46.0,75.0,1982,DA18,1999
{6B8770A4-23CC-48E1-92F2-352AF60C8D54},79000,1999-12-17 00:00,DA18 4HY,T,0,F,48,,ASPEN GREEN,,ERITH,BEXLEY,GREATER LONDON,718.181818181818,7.0,110.0,65.0,1982,DA18,1999
{13CB3DAF-8C98-4E5E-85F4-57ADAD2065CF},68500,1999-12-17 00:00,DA18 4HJ,T,0,F,32,,PARKWAY,,ERITH,BEXLEY,GREATER LONDON,850.4034761018,4.0,80.55,80.0,1966,DA18,1999
{2A289E9D-6D42-CDC8-E050-A8C063054829},32000,1999-12-23 00:00,DA18 4HD,F,0,L,68,,GLIMPSING GREEN,,ERITH,BEXLEY,GREATER LONDON,666.666666666667,2.0,48.0,64.0,1982,DA18,1999
{2A289E9E-8926-CDC8-E050-A8C063054829},36000,2000-02-11 00:00,DA18 4HB,F,0,L,81,,GLIMPSING GREEN,,ERITH,BEXLEY,GREATER LONDON,750.0,2.0,48.0,71.0,1982,DA18,2000
{4FD8062E-7C95-4DAF-8247-738139EAB6E9},50600,2000-02-23 00:00,DA18 4DJ,T,0,F,10,,HOLSTEIN WAY,,ERITH,BEXLEY,GREATER LONDON,516.326530612245,5.0,98.0,69.0,1982,DA18,2000
{AEC03AE4-CFA5-4BD3-8A5A-F3901E987FA4},56600,2000-03-17 00:00,DA18 4DJ,T,0,F,10,,HOLSTEIN WAY,,ERITH,BEXLEY,GREATER LONDON,577.551020408163,5.0,98.0,69.0,1982,DA18,2000
{2A289E9D-558C-CDC8-E050-A8C063054829},47800,2000-04-05 00:00,DA18 4HY,F,0,L,32,,ASPEN GREEN,,ERITH,BEXLEY,GREATER LONDON,1018.75532821824,2.0,46.92,70.0,1982,DA18,2000
{54F40500-BF5D-41AB-BE50-E614F6482F99},52000,2000-04-07 00:00,DA18 4DA,T,0,F,81,,MANGOLD WAY,,ERITH,BEXLEY,GREATER LONDON,553.191489361702,6.0,94.0,61.0,1975,DA18,2000
{2A289E9F-BFA8-CDC8-E050-A8C063054829},47000,2000-04-07 00:00,DA18 4DA,F,0,F,65,,MANGOLD WAY,,ERITH,BEXLEY,GREATER LONDON,495.676017717781,6.0,94.82,65.0,1975,DA18,2000
{DF9BEC79-3210-4DCA-8412-17B6848FC80A},78000,2000-04-12 00:00,DA18 4DX,F,0,L,3,,ST HELENS ROAD,,ERITH,BEXLEY,GREATER LONDON,650.0,7.0,120.0,69.0,1982,DA18,2000
{2A289E9F-32AF-CDC8-E050-A8C063054829},39995,2000-05-19 00:00,DA18 4HW,F,0,L,16,,LIME ROW,,ERITH,BEXLEY,GREATER LONDON,700.315181229207,2.0,57.11,70.0,1990,DA18,2000
{CE27179C-0ED2-40D5-A5A3-206A1E80ABAF},62995,2000-05-26 00:00,DA18 4HS,F,0,L,69,,LEATHERBOTTLE GREEN,,ERITH,BEXLEY,GREATER LONDON,846.706989247312,4.0,74.4,65.0,1982,DA18,2000
{2A289E9C-F733-CDC8-E050-A8C063054829},44000,2000-06-15 00:00,DA18 4HB,F,0,L,91,,GLIMPSING GREEN,,ERITH,BEXLEY,GREATER LONDON,910.973084886128,2.0,48.3,75.0,1982,DA18,2000
{2A289E9D-CEDE-CDC8-E050-A8C063054829},50000,2000-06-15 00:00,DA18 4DH,T,0,F,177,,HOLSTEIN WAY,,ERITH,BEXLEY,GREATER LONDON,543.478260869565,5.0,92.0,63.0,1975,DA18,2000
{1F0B34FE-7C14-4FCA-A8D5-E97ED288E18C},78000,2000-07-18 00:00,DA18 4DT,T,0,F,14,,ST BRIDES CLOSE,,ERITH,BEXLEY,GREATER LONDON,595.419847328244,6.0,131.0,71.0,1975,DA18,2000
{0B8D1721-A744-47BF-90AE-5232E1E1252E},81500,2000-08-04 00:00,DA18 4HR,S,0,F,134,,LEATHERBOTTLE GREEN,,ERITH,BEXLEY,GREATER LONDON,1198.52941176471,5.0,68.0,70.0,1982,DA18,2000
{F33F8407-E8D7-4320-9660-693BED768C9F},70000,2000-08-24 00:00,DA18 4HG,T,0,F,25,,PARKWAY,,ERITH,BEXLEY,GREATER LONDON,958.904109589041,5.0,73.0,73.0,1975,DA18,2000
{F12F72CA-D0DC-4F4E-A4AA-EF428F3ED947},74995,2000-08-25 00:00,DA18 4HD,T,0,F,120,,GLIMPSING GREEN,,ERITH,BEXLEY,GREATER LONDON,949.303797468354,5.0,79.0,74.0,1990,DA18,2000
{EE21376E-6767-49E9-A382-D0C71AF9930D},82000,2000-08-31 00:00,DA18 4DZ,T,0,L,35,,ST MARTINS CLOSE,,ERITH,BEXLEY,GREATER LONDON,788.461538461538,5.0,104.0,61.0,1975,DA18,2000
{45AB1809-9F75-4B13-857D-A6DFDEBED773},78995,2000-09-19 00:00,DA18 4BX,T,0,F,99,,REDPOLL WAY,,ERITH,BEXLEY,GREATER LONDON,699.070796460177,6.0,113.0,61.0,1966,DA18,2000
{3B448C6C-4B3B-468B-BF4B-55EFF4CC301B},81000,2000-10-20 00:00,DA18 4DZ,T,0,F,1,,ST MARTINS CLOSE,,ERITH,BEXLEY,GREATER LONDON,736.363636363636,5.0,110.0,59.0,1975,DA18,2000
{2A289E9E-70A2-CDC8-E050-A8C063054829},49000,2000-10-23 00:00,DA18 4HD,F,0,L,60,,GLIMPSING GREEN,,ERITH,BEXLEY,GREATER LONDON,1000.0,2.0,49.0,70.0,1990,DA18,2000
{38E4F551-2343-46C7-9886-40D05B8937B3},67500,2000-11-10 00:00,DA18 4HN,T,0,F,14,,NORTHWOOD PLACE,,ERITH,BEXLEY,GREATER LONDON,853.566009104704,5.0,79.08,78.0,1990,DA18,2000
{E3A05F6C-51EF-49A2-9602-08A8D2819698},67000,2000-11-16 00:00,DA18 4DJ,T,0,F,8,,HOLSTEIN WAY,,ERITH,BEXLEY,GREATER LONDON,720.430107526882,5.0,93.0,63.0,1975,DA18,2000
{2A289E9F-BC3E-CDC8-E050-A8C063054829},39000,2000-11-17 00:00,DA18 4HB,F,0,L,95,,GLIMPSING GREEN,,ERITH,BEXLEY,GREATER LONDON,847.826086956522,3.0,46.0,60.0,1982,DA18,2000
{D3CD99F7-2AC2-487A-BA8E-24B3BB722C06},82000,2000-12-08 00:00,DA18 4HQ,T,0,F,145,,PARKWAY,,ERITH,BEXLEY,GREATER LONDON,1012.34567901235,4.0,81.0,75.0,1975,DA18,2000
{137A24A1-9676-47A4-A2F4-4BEFDFBDA3D8},79000,2000-12-29 00:00,DA18 4HN,T,0,F,14,,NORTHWOOD PLACE,,ERITH,BEXLEY,GREATER LONDON,998.988366211432,5.0,79.08,78.0,1990,DA18,2000
{26D1A6C2-971C-4131-8C89-53AE64042EFE},66000,2001-01-05 00:00,DA18 4HG,F,0,L,29,,PARKWAY,ERITH,ERITH,BEXLEY,GREATER LONDON,767.441860465116,3.0,86.0,64.0,1975,DA18,2001
{2A289E9D-E179-CDC8-E050-A8C063054829},49000,2001-01-30 00:00,DA18 4HA,F,0,L,31,,GLIMPSING GREEN,,ERITH,BEXLEY,GREATER LONDON,1032.23088266273,2.0,47.47,59.0,1990,DA18,2001
{B11D7A6E-B806-4986-B5D2-4A005F8BF563},89000,2001-02-09 00:00,DA18 4HU,T,0,F,119,,ASPEN GREEN,ERITH,ERITH,BEXLEY,GREATER LONDON,927.083333333333,5.0,96.0,65.0,1966,DA18,2001
{1A0FA412-7BCC-466A-A107-9ED528B08E31},75000,2001-02-28 00:00,DA18 4HA,T,0,F,47,,GLIMPSING GREEN,ERITH,ERITH,BEXLEY,GREATER LONDON,914.634146341463,4.0,82.0,68.0,1982,DA18,2001
{EC7D774D-AC18-49E3-8757-3C65D0AD88CC},89000,2001-02-28 00:00,DA18 4HN,T,0,F,26,,NORTHWOOD PLACE,ERITH,ERITH,BEXLEY,GREATER LONDON,1085.36585365854,5.0,82.0,68.0,1982,DA18,2001
{CFB91EC1-62A0-4ED9-A87C-03AC26A3E9D6},86500,2001-04-06 00:00,DA18 4HR,S,0,F,134,,LEATHERBOTTLE GREEN,ERITH,ERITH,BEXLEY,GREATER LONDON,1272.05882352941,5.0,68.0,70.0,1982,DA18,2001
{2A289E9F-082B-CDC8-E050-A8C063054829},35250,2001-04-27 00:00,DA18 4BE,F,0,L,"ARGALI HOUSE, 4",FLAT 21,KALE ROAD,,ERITH,BEXLEY,GREATER LONDON,564.541960281871,3.0,62.44,72.0,1975,DA18,2001
{E7799E1B-B18A-4205-82E1-511FD4DA1763},89995,2001-05-18 00:00,DA18 4HE,T,0,F,20,,GLIMPSING GREEN,ERITH,ERITH,BEXLEY,GREATER LONDON,769.188034188034,6.0,117.0,63.0,1990,DA18,2001
{D1626ADD-15B5-4FD4-82FB-2D63B72A80A5},77995,2001-05-25 00:00,DA18 4DQ,T,0,F,37,,HOLSTEIN WAY,ERITH,ERITH,BEXLEY,GREATER LONDON,678.217391304348,7.0,115.0,64.0,1982,DA18,2001
{0515F670-81A8-4B75-8873-1F3A95A35402},87000,2001-05-30 00:00,DA18 4DS,T,0,F,22,,ST KATHERINES ROAD,ERITH,ERITH,BEXLEY,GREATER LONDON,650.0784577449,7.0,133.83,76.0,1982,DA18,2001
{B7A27743-226A-40C7-9A84-C16EE3D71DF4},78995,2001-05-31 00:00,DA18 4DQ,T,0,F,87,,HOLSTEIN WAY,ERITH,ERITH,BEXLEY,GREATER LONDON,3159.8,2.0,25.0,65.0,1975,DA18,2001
{483D1CB4-AA8D-4196-936C-5910558BDE3D},71000,2001-06-18 00:00,DA18 4DH,T,0,F,105,,HOLSTEIN WAY,ERITH,ERITH,BEXLEY,GREATER LONDON,640.389645530802,6.0,110.87,54.0,1975,DA18,2001
{26FC06E5-A2AB-4B1D-88D1-437AE8974A1F},55000,2001-07-06 00:00,DA18 4HE,F,0,L,32,,GLIMPSING GREEN,ERITH,ERITH,BEXLEY,GREATER LONDON,1189.18918918919,2.0,46.25,59.0,1982,DA18,2001
{E6546BEB-E388-4C30-B121-B9D54AE4E552},65000,2001-07-12 00:00,DA18 4BX,T,0,F,65,,REDPOLL WAY,ERITH,ERITH,BEXLEY,GREATER LONDON,731.981981981982,5.0,88.8,65.0,1975,DA18,2001
{2A289E9D-8AB9-CDC8-E050-A8C063054829},35500,2001-07-17 00:00,DA18 4BG,F,0,L,"MUSCOVY HOUSE, 5",FLAT 2,KALE ROAD,,ERITH,BEXLEY,GREATER LONDON,710.0,2.0,50.0,49.0,1966,DA18,2001
{8B57DE47-3DA9-469E-A3C6-C9B72DCC1471},59995,2001-07-23 00:00,DA18 4HB,F,0,L,79,,GLIMPSING GREEN,ERITH,ERITH,BEXLEY,GREATER LONDON,1276.48936170213,2.0,47.0,63.0,1982,DA18,2001
{BB9AC958-600E-4D62-80BD-11A99EDC6F25},121400,2001-07-27 00:00,DA18 4HS,T,0,F,47,,LEATHERBOTTLE GREEN,ERITH,ERITH,BEXLEY,GREATER LONDON,1201.9801980198,7.0,101.0,47.0,1975,DA18,2001
{4C1686D4-AF46-413D-9F2D-28F39789A788},99995,2001-08-10 00:00,DA18 4HN,T,0,F,23,,NORTHWOOD PLACE,ERITH,ERITH,BEXLEY,GREATER LONDON,1281.98717948718,4.0,78.0,67.0,1982,DA18,2001
{07FF7434-4B9D-45F3-8FBB-405782BBD37F},121000,2001-08-10 00:00,DA18 4HS,T,0,F,51,,LEATHERBOTTLE GREEN,ERITH,ERITH,BEXLEY,GREATER LONDON,1273.68421052632,7.0,95.0,62.0,1975,DA18,2001
{D28A36DD-F341-4C8C-AA3A-48D29A6F1D17},80000,2001-08-22 00:00,DA18 4DF,T,0,F,116,,MANGOLD WAY,ERITH,ERITH,BEXLEY,GREATER LONDON,849.978750531237,6.0,94.12,57.0,1975,DA18,2001
{2A289E9F-E7D1-CDC8-E050-A8C063054829},43000,2001-08-23 00:00,DA18 4HH,F,0,L,64,,PARKWAY,,ERITH,BEXLEY,GREATER LONDON,895.833333333333,2.0,48.0,75.0,1990,DA18,2001
{43589BEE-0351-48BF-A1ED-ECCDD17E1B46},95000,2001-09-03 00:00,DA18 4DS,T,0,F,23,,ST KATHERINES ROAD,ERITH,ERITH,BEXLEY,GREATER LONDON,841.452612931798,5.0,112.9,71.0,1982,DA18,2001
{38CFFBF4-CB4F-4E65-8B1D-23B183BA6EA3},54995,2001-09-06 00:00,DA18 4HW,F,0,L,16,,LIME ROW,ERITH,ERITH,BEXLEY,GREATER LONDON,962.966205568202,2.0,57.11,70.0,1990,DA18,2001
{72820A54-82EF-427E-AFE9-F60B277CA842},71995,2001-09-28 00:00,DA18 4BX,T,0,F,83,,REDPOLL WAY,ERITH,ERITH,BEXLEY,GREATER LONDON,782.554347826087,5.0,92.0,72.0,1966,DA18,2001
{6FBF4834-85F9-49C2-9C79-99722B1D8A68},67500,2001-10-04 00:00,DA18 4DJ,T,0,F,4,,HOLSTEIN WAY,ERITH,ERITH,BEXLEY,GREATER LONDON,823.170731707317,6.0,82.0,65.0,1966,DA18,2001
{2A289E9E-C574-CDC8-E050-A8C063054829},41000,2001-11-16 00:00,DA18 4DN,F,0,L,BUCKWHEAT COURT,37,HOLSTEIN WAY,,ERITH,BEXLEY,GREATER LONDON,816.895795975294,2.0,50.19,77.0,1975,DA18,2001
{6D4533F4-9495-4452-BE33-E2280414CB75},114995,2001-12-11 00:00,DA18 4DT,S,0,F,16,,ST BRIDES CLOSE,ERITH,ERITH,BEXLEY,GREATER LONDON,1017.65486725664,5.0,113.0,58.0,1975,DA18,2001
{58B3A712-A8EE-4296-80F1-5A8D52CF834A},74995,2001-12-11 00:00,DA18 4BU,T,0,F,53,,REDPOLL WAY,ERITH,ERITH,BEXLEY,GREATER LONDON,820.873467600701,5.0,91.36,58.0,1966,DA18,2001
{0CB51E95-53D1-430E-9B6B-EA97532BFF80},107000,2001-12-12 00:00,DA18 4HX,T,0,F,98,,ASPEN GREEN,ERITH,ERITH,BEXLEY,GREATER LONDON,967.362806256216,5.0,110.61,48.0,1982,DA18,2001
{FBF1D50F-E1FC-4CC7-ADE9-B334C210BDA2},59250,2002-01-07 00:00,DA18 4HB,F,0,L,81,,GLIMPSING GREEN,ERITH,ERITH,BEXLEY,GREATER LONDON,1234.375,2.0,48.0,71.0,1982,DA18,2002
{2A289E9F-BB45-CDC8-E050-A8C063054829},50000,2002-02-28 00:00,DA18 4HQ,F,0,L,97,,PARKWAY,,ERITH,BEXLEY,GREATER LONDON,925.925925925926,2.0,54.0,77.0,1982,DA18,2002
{B8619629-8C21-4D81-8A77-48AAE33FEDD7},91000,2002-03-26 00:00,DA18 4BX,T,0,F,89,,REDPOLL WAY,ERITH,ERITH,BEXLEY,GREATER LONDON,805.309734513274,7.0,113.0,59.0,1966,DA18,2002
{7224C1F4-7788-400B-8BEF-F67D7F1E9A79},78000,2002-03-27 00:00,DA18 4DQ,T,0,F,53,,HOLSTEIN WAY,ERITH,ERITH,BEXLEY,GREATER LONDON,951.219512195122,5.0,82.0,49.0,1975,DA18,2002
{D8BBCBCD-6498-4C2F-9AE4-964D9F0A8C2F},115300,2002-03-28 00:00,DA18 4DU,T,0,L,18,,ST EDMUNDS CLOSE,ERITH,ERITH,BEXLEY,GREATER LONDON,555.287998458871,5.0,207.64,71.0,1982,DA18,2002
{1BE551B7-4E02-467D-B83D-464CC1CEE214},94000,2002-03-28 00:00,DA18 4HQ,T,0,F,117,,PARKWAY,ERITH,ERITH,BEXLEY,GREATER LONDON,1287.67123287671,3.0,73.0,70.0,1982,DA18,2002
{F58D1414-A3C1-4854-B202-D0AE411367B6},59995,2002-04-19 00:00,DA18 4HD,F,0,L,64,,GLIMPSING GREEN,ERITH,ERITH,BEXLEY,GREATER LONDON,1264.91671937592,3.0,47.43,84.0,2002,DA18,2002
{BBC3DF0D-6F37-45C9-AAC7-90ECD011BC49},99000,2002-05-30 00:00,DA18 4HP,T,0,F,80,,LEATHERBOTTLE GREEN,ERITH,ERITH,BEXLEY,GREATER LONDON,1292.7657351789,4.0,76.58,65.0,1975,DA18,2002
{9386B72F-9FF5-4EAE-858A-3D7220A82E40},122500,2002-06-07 00:00,DA18 4HR,T,0,F,148,,LEATHERBOTTLE GREEN,ERITH,ERITH,BEXLEY,GREATER LONDON,1144.85981308411,6.0,107.0,68.0,1982,DA18,2002
{AF421A2F-DB48-4203-9F6C-CC13EB5F7E8C},108500,2002-06-14 00:00,DA18 4HP,F,0,L,74,,LEATHERBOTTLE GREEN,ERITH,ERITH,BEXLEY,GREATER LONDON,1356.25,4.0,80.0,63.0,1982,DA18,2002
{2BE98B40-FEEB-4545-8D05-C244EBF1C1BC},72000,2002-06-21 00:00,DA18 4HA,F,0,L,5,,GLIMPSING GREEN,ERITH,ERITH,BEXLEY,GREATER LONDON,1565.21739130435,2.0,46.0,75.0,1982,DA18,2002
{A7A23EDA-EFAB-4A88-AA93-CB8E433FD625},129995,2002-07-05 00:00,DA18 4DS,T,0,L,20,,ST KATHERINES ROAD,ERITH,ERITH,BEXLEY,GREATER LONDON,902.743055555556,4.0,144.0,66.0,1975,DA18,2002
{1E2C388B-C840-4702-BB2C-A89930C11C9E},129995,2002-07-05 00:00,DA18 4DS,T,0,F,20,,ST KATHERINES ROAD,ERITH,ERITH,BEXLEY,GREATER LONDON,902.743055555556,4.0,144.0,66.0,1975,DA18,2002
{709B3161-DE19-4706-8419-9472D4D321DE},56000,2002-07-08 00:00,DA18 4HY,F,0,L,32,,ASPEN GREEN,ERITH,ERITH,BEXLEY,GREATER LONDON,1193.52088661552,2.0,46.92,70.0,1982,DA18,2002
{AEBA4FE8-36BE-409F-883E-3AC6B7B3812C},122000,2002-07-12 00:00,DA18 4HR,S,0,F,154,,LEATHERBOTTLE GREEN,ERITH,ERITH,BEXLEY,GREATER LONDON,1284.21052631579,4.0,95.0,67.0,1990,DA18,2002
{1BF63A26-9A75-4415-B5E1-F0FA559BFCA2},80000,2002-07-31 00:00,DA18 4DJ,T,0,F,24,,HOLSTEIN WAY,ERITH,ERITH,BEXLEY,GREATER LONDON,842.105263157895,6.0,95.0,56.0,1975,DA18,2002
{2B1EE5A3-DA6D-4030-A985-D29A571C3FE2},124000,2002-07-31 00:00,DA18 4HR,T,0,F,152,,LEATHERBOTTLE GREEN,ERITH,ERITH,BEXLEY,GREATER LONDON,1138.97308716818,6.0,108.87,76.0,1990,DA18,2002
{2495C164-8AC4-49FD-9B81-0E877274432D},72000,2002-07-31 00:00,DA18 4HB,F,0,L,93,,GLIMPSING GREEN,ERITH,ERITH,BEXLEY,GREATER LONDON,1469.38775510204,3.0,49.0,59.0,1975,DA18,2002
{46F5E23A-6369-4A5F-938F-F2CDDB5FE7A9},80000,2002-08-02 00:00,DA18 4HT,T,0,F,51,,ASPEN GREEN,ERITH,ERITH,BEXLEY,GREATER LONDON,707.964601769911,4.0,113.0,76.0,1990,DA18,2002
{024B285A-37E7-4BC8-BA93-AC88D775933C},122500,2002-08-15 00:00,DA18 4HA,T,0,F,13,,GLIMPSING GREEN,ERITH,ERITH,BEXLEY,GREATER LONDON,1331.52173913043,4.0,92.0,67.0,1975,DA18,2002
{952100A7-343B-43AC-919C-6BDD196411E2},93000,2002-08-22 00:00,DA18 4DL,T,0,F,66,,HOLSTEIN WAY,ERITH,ERITH,BEXLEY,GREATER LONDON,877.358490566038,4.0,106.0,64.0,1949,DA18,2002
{6A7E51C2-0A03-4CDD-88FC-D468362D72E5},84995,2002-09-03 00:00,DA18 4BU,T,0,F,41,,REDPOLL WAY,ERITH,ERITH,BEXLEY,GREATER LONDON,739.086956521739,6.0,115.0,52.0,1975,DA18,2002
{3720E01D-07E1-4B83-871C-57DD5242EB39},104000,2002-10-17 00:00,DA18 4DQ,T,0,F,27,,HOLSTEIN WAY,ERITH,ERITH,BEXLEY,GREATER LONDON,770.37037037037,9.0,135.0,61.0,1966,DA18,2002
{B97FDB20-5786-4DCE-A4DA-980D8FCD810A},90000,2002-11-08 00:00,DA18 4DL,T,0,F,70,,HOLSTEIN WAY,ERITH,ERITH,BEXLEY,GREATER LONDON,791.139240506329,7.0,113.76,53.0,1966,DA18,2002
{9020BC31-1B41-4AE0-9945-2F6A797558CC},74995,2002-11-11 00:00,DA18 4HB,F,0,L,95,,GLIMPSING GREEN,ERITH,ERITH,BEXLEY,GREATER LONDON,1630.32608695652,3.0,46.0,60.0,1982,DA18,2002
{C628D972-F264-4A23-88FC-53EFA4937676},84995,2002-11-14 00:00,DA18 4BY,F,0,F,6,,REDPOLL WAY,ERITH,ERITH,BEXLEY,GREATER LONDON,904.202127659574,6.0,94.0,51.0,1966,DA18,2002
{D9E24397-C33F-42D3-B287-C1E63D420810},124995,2002-12-06 00:00,DA18 4HG,T,0,F,19,,PARKWAY,ERITH,ERITH,BEXLEY,GREATER LONDON,1562.4375,4.0,80.0,42.0,1982,DA18,2002
{CF5F06C5-B42A-40DB-83B1-0D7917176FE6},102000,2002-12-12 00:00,DA18 4DL,T,0,F,86,,HOLSTEIN WAY,ERITH,ERITH,BEXLEY,GREATER LONDON,1085.10638297872,6.0,94.0,61.0,1975,DA18,2002
{28A0A7FE-BDA6-4869-89BD-6210795D1328},138000,2002-12-16 00:00,DA18 4HT,T,0,F,7,,ASPEN GREEN,ERITH,ERITH,BEXLEY,GREATER LONDON,1431.2383322962,4.0,96.42,68.0,1990,DA18,2002
{FCB08A7B-2B85-41CD-9982-0CAF771E094D},53000,2002-12-17 00:00,DA18 4BG,F,0,L,"MUSCOVY HOUSE, 5",FLAT 20,KALE ROAD,ERITH,ERITH,BEXLEY,GREATER LONDON,1081.63265306122,2.0,49.0,72.0,1966,DA18,2002
{000F9F1E-3176-48AF-BA1A-14C63130DBDA},111995,2002-12-19 00:00,DA18 4DJ,T,0,F,56,,HOLSTEIN WAY,ERITH,ERITH,BEXLEY,GREATER LONDON,1108.86138613861,5.0,101.0,57.0,1975,DA18,2002
{0D0A575C-D1B8-4D59-8571-6D573CE89F9B},65270,2003-01-14 00:00,DA18 4HW,F,0,L,29,,LIME ROW,ERITH,ERITH,BEXLEY,GREATER LONDON,1353.58772293654,3.0,48.22,73.0,1975,DA18,2003
{11D98F1C-DFCC-4108-9BDC-441CA498FC84},75000,2003-01-15 00:00,DA18 4HG,F,0,L,59,,PARKWAY,ERITH,ERITH,BEXLEY,GREATER LONDON,1562.5,2.0,48.0,69.0,1966,DA18,2003
{092BDEC5-14FE-461C-93EF-AF77084162D9},77000,2003-02-12 00:00,DA18 4HE,F,0,L,12,,GLIMPSING GREEN,ERITH,ERITH,BEXLEY,GREATER LONDON,1638.29787234043,2.0,47.0,53.0,1975,DA18,2003
{877648E4-00FE-4211-8352-BC55FA94028A},115000,2003-03-07 00:00,DA18 4DA,F,0,L,35,,MANGOLD WAY,ERITH,ERITH,BEXLEY,GREATER LONDON,982.905982905983,6.0,117.0,60.0,1975,DA18,2003
{B737886B-869F-42EA-8060-408D5724EB51},154995,2003-03-20 00:00,DA18 4DX,F,0,L,2,,ST HELENS ROAD,ERITH,ERITH,BEXLEY,GREATER LONDON,1324.74358974359,6.0,117.0,71.0,1975,DA18,2003
{7ED3462E-EC97-45B9-A3EE-3FA5ECFD2F5D},84000,2003-05-01 00:00,DA18 4HR,F,0,L,120,,LEATHERBOTTLE GREEN,ERITH,ERITH,BEXLEY,GREATER LONDON,1647.05882352941,3.0,51.0,69.0,1975,DA18,2003
{FDF3A432-607C-4AF5-987E-CB4AAD92F922},160000,2003-06-12 00:00,DA18 4HH,T,0,F,88,,PARKWAY,ERITH,ERITH,BEXLEY,GREATER LONDON,1494.76831091181,6.0,107.04,75.0,1990,DA18,2003
{AA5BACF0-9FB8-43F7-AF44-5C490650B501},85000,2003-06-23 00:00,DA18 4HE,F,0,L,32,,GLIMPSING GREEN,ERITH,ERITH,BEXLEY,GREATER LONDON,1837.83783783784,2.0,46.25,59.0,1982,DA18,2003
{A5380CFF-7B3B-45B2-9697-9C22BB0EA755},139000,2003-07-04 00:00,DA18 4HU,T,0,F,119,,ASPEN GREEN,ERITH,ERITH,BEXLEY,GREATER LONDON,1447.91666666667,5.0,96.0,65.0,1966,DA18,2003
{8CABE06A-4B67-4062-984F-A369A0F15BCD},90000,2003-07-04 00:00,DA18 4HD,F,0,L,70,,GLIMPSING GREEN,ERITH,ERITH,BEXLEY,GREATER LONDON,2132.70142180095,2.0,42.2,65.0,1990,DA18,2003
{F78EDA08-4A90-4E19-86BF-F1D9632EE122},167500,2003-07-08 00:00,DA18 4DX,T,0,L,11,,ST HELENS ROAD,ERITH,ERITH,BEXLEY,GREATER LONDON,1407.56302521008,7.0,119.0,56.0,1966,DA18,2003
{1467605D-7313-4945-AB58-3EF3DA02A673},100000,2003-07-10 00:00,DA18 4DL,T,0,F,68,,HOLSTEIN WAY,ERITH,ERITH,BEXLEY,GREATER LONDON,769.230769230769,6.0,130.0,69.0,1982,DA18,2003
{C933E5D9-E6E1-461B-8CFD-AE2AEFA63B16},109995,2003-07-11 00:00,DA18 4DH,T,0,F,109,,HOLSTEIN WAY,ERITH,ERITH,BEXLEY,GREATER LONDON,1182.74193548387,4.0,93.0,64.0,1966,DA18,2003
{D9C8E79B-CEC0-4D07-9E7E-E4FE740A499A},94900,2003-08-27 00:00,DA18 4HX,F,0,L,108,,ASPEN GREEN,ERITH,ERITH,BEXLEY,GREATER LONDON,2100.48694112439,2.0,45.18,75.0,1982,DA18,2003
{BDD03406-CA2B-4EE4-BD4E-FDDBFE6EEE50},92000,2003-08-29 00:00,DA18 4DJ,T,0,F,10,,HOLSTEIN WAY,ERITH,ERITH,BEXLEY,GREATER LONDON,938.775510204082,5.0,98.0,69.0,1982,DA18,2003
{CA46A8FE-B3B8-463D-8E38-71FBBDF46A3E},114500,2003-09-08 00:00,DA18 4DD,T,0,F,227,,MANGOLD WAY,ERITH,ERITH,BEXLEY,GREATER LONDON,1224.99197603509,6.0,93.47,65.0,1975,DA18,2003
{063BA1EE-F59F-4F9F-A6A7-4BB88F5B037C},148000,2003-09-29 00:00,DA18 4DU,T,0,F,21,,ST EDMUNDS CLOSE,ERITH,ERITH,BEXLEY,GREATER LONDON,1233.33333333333,6.0,120.0,63.0,1982,DA18,2003
{3E412F10-8F4C-4167-8F94-3CDB8760103A},93033,2003-10-07 00:00,DA18 4DU,T,0,F,2,,ST EDMUNDS CLOSE,ERITH,ERITH,BEXLEY,GREATER LONDON,781.789915966387,6.0,119.0,57.0,1975,DA18,2003
{EBFB4018-04B8-4C2D-9985-D55FA1F5FE24},129995,2003-10-10 00:00,DA18 4DH,S,0,F,165,,HOLSTEIN WAY,ERITH,ERITH,BEXLEY,GREATER LONDON,941.992753623188,7.0,138.0,58.0,1975,DA18,2003
{3D80C242-9D30-4A54-A537-41F5E38EEFB8},160000,2003-10-20 00:00,DA18 4HU,T,0,F,117,,ASPEN GREEN,ERITH,ERITH,BEXLEY,GREATER LONDON,1481.48148148148,5.0,108.0,59.0,1966,DA18,2003
{F2F1058A-74AC-47A9-B57C-662FAD709E93},93000,2003-10-21 00:00,DA18 4HY,F,0,L,30,,ASPEN GREEN,ERITH,ERITH,BEXLEY,GREATER LONDON,1925.46583850932,2.0,48.3,72.0,1990,DA18,2003
{29D5126A-E66B-4E9E-98F7-65153E63AB8F},139000,2003-11-13 00:00,DA18 4HA,T,0,F,27,,GLIMPSING GREEN,ERITH,ERITH,BEXLEY,GREATER LONDON,1695.12195121951,4.0,82.0,73.0,1982,DA18,2003
{177682E5-1188-41C8-AD55-A6E0DB37EF56},150000,2003-11-13 00:00,DA18 4DZ,T,0,F,15,,ST MARTINS CLOSE,ERITH,ERITH,BEXLEY,GREATER LONDON,1327.43362831858,5.0,113.0,67.0,1975,DA18,2003
{B1C19DC3-CE7B-45AF-9810-AADA6FC987A3},120000,2003-11-18 00:00,DA18 4DQ,T,0,F,27,,HOLSTEIN WAY,ERITH,ERITH,BEXLEY,GREATER LONDON,888.888888888889,9.0,135.0,61.0,1966,DA18,2003
{6F6893A4-2DBD-42D9-943C-B6A492B16E60},169995,2003-12-17 00:00,DA18 4HT,T,0,F,1,,ASPEN GREEN,ERITH,ERITH,BEXLEY,GREATER LONDON,1770.78125,6.0,96.0,61.0,1990,DA18,2003
{534BE308-6163-4CBE-AB7D-59D2DEB1C461},90000,2003-12-19 00:00,DA18 4HD,F,0,L,60,,GLIMPSING GREEN,ERITH,ERITH,BEXLEY,GREATER LONDON,1836.73469387755,2.0,49.0,70.0,1990,DA18,2003
{2CF0A000-2F46-4BB3-8786-EA78079BE30B},69000,2004-01-14 00:00,DA18 4HW,F,0,L,29,,LIME ROW,ERITH,ERITH,BEXLEY,GREATER LONDON,1430.94151804231,3.0,48.22,73.0,1975,DA18,2004
{9A328B74-0593-4E5F-8481-CA1D61C08567},90000,2004-01-26 00:00,DA18 4HB,F,0,L,95,,GLIMPSING GREEN,ERITH,ERITH,BEXLEY,GREATER LONDON,1956.52173913043,3.0,46.0,60.0,1982,DA18,2004
{2B362DC4-39BA-4518-A186-2DB04F0A6828},92500,2004-01-28 00:00,DA18 4HW,F,0,L,16,,LIME ROW,ERITH,ERITH,BEXLEY,GREATER LONDON,1619.68131675714,2.0,57.11,70.0,1990,DA18,2004
{0D5993F7-E4D6-4424-B7DE-299B3D774CF7},167000,2004-01-30 00:00,DA18 4HN,T,0,F,17,,NORTHWOOD PLACE,ERITH,ERITH,BEXLEY,GREATER LONDON,1504.5045045045,5.0,111.0,63.0,1966,DA18,2004
{8B4758AA-C6A7-43D8-88A4-0A29005463CF},163000,2004-02-06 00:00,DA18 4HE,T,0,F,14,,GLIMPSING GREEN,ERITH,ERITH,BEXLEY,GREATER LONDON,1771.73913043478,4.0,92.0,60.0,1975,DA18,2004
{8F2A4A90-07B8-4F9D-AFD5-FF364500DF5C},166000,2004-02-16 00:00,DA18 4HU,T,0,F,115,,ASPEN GREEN,ERITH,ERITH,BEXLEY,GREATER LONDON,1930.23255813953,5.0,86.0,58.0,1966,DA18,2004
{0584D069-0C45-447F-91B5-F76D61CDB1CA},148000,2004-02-20 00:00,DA18 4HQ,T,0,F,117,,PARKWAY,ERITH,ERITH,BEXLEY,GREATER LONDON,2027.39726027397,3.0,73.0,70.0,1982,DA18,2004
{B6A238FD-4EFF-4028-A389-934D028F8315},160000,2004-02-23 00:00,DA18 4HY,T,0,F,48,,ASPEN GREEN,ERITH,ERITH,BEXLEY,GREATER LONDON,1454.54545454545,7.0,110.0,65.0,1982,DA18,2004
{D33D73F5-CAC3-441F-9A2B-C19D84F010A3},80000,2004-02-25 00:00,DA18 4HN,F,0,L,3,,NORTHWOOD PLACE,ERITH,ERITH,BEXLEY,GREATER LONDON,1702.12765957447,2.0,47.0,75.0,1975,DA18,2004
{8A3A2B8F-100A-4EE0-AC33-06194239B6CA},160000,2004-03-30 00:00,DA18 4DU,T,0,F,4,,ST EDMUNDS CLOSE,ERITH,ERITH,BEXLEY,GREATER LONDON,1212.12121212121,6.0,132.0,58.0,1975,DA18,2004
{1F1E341B-0225-4C15-87DD-C277B31A5D61},155000,2004-04-02 00:00,DA18 4HX,T,0,F,104,,ASPEN GREEN,ERITH,ERITH,BEXLEY,GREATER LONDON,1890.24390243902,4.0,82.0,66.0,1990,DA18,2004
{3223E9D3-BEFC-4E1A-B82D-39E6D4E6EB0D},129000,2004-04-13 00:00,DA18 4DQ,T,0,F,7,,HOLSTEIN WAY,ERITH,ERITH,BEXLEY,GREATER LONDON,1420.70484581498,5.0,90.8,54.0,1975,DA18,2004
{0B4DC8BD-9D91-420F-8786-2338D9AFBC43},150000,2004-04-19 00:00,DA18 4DZ,F,0,L,21,,ST MARTINS CLOSE,ERITH,ERITH,BEXLEY,GREATER LONDON,1282.05128205128,6.0,117.0,56.0,1975,DA18,2004
{CDFC4B71-DD05-4543-9239-E47AAE4D0003},179500,2004-04-30 00:00,DA18 4DU,T,0,F,2,,ST EDMUNDS CLOSE,ERITH,ERITH,BEXLEY,GREATER LONDON,1508.40336134454,6.0,119.0,57.0,1975,DA18,2004
{1330BD25-0D8B-4052-8FB3-F6E4147D9B54},99900,2004-05-06 00:00,DA18 4HD,F,0,L,64,,GLIMPSING GREEN,ERITH,ERITH,BEXLEY,GREATER LONDON,2106.26185958254,3.0,47.43,84.0,2002,DA18,2004
{3747DE6A-7299-452C-AF05-A023361EBEBC},164000,2004-05-14 00:00,DA18 4HH,T,0,F,82,,PARKWAY,ERITH,ERITH,BEXLEY,GREATER LONDON,1726.31578947368,4.0,95.0,63.0,1982,DA18,2004
{196EADA2-0C3F-4CFD-AF9D-DA76137AFD57},110000,2004-05-20 00:00,DA18 4DD,T,0,F,229,,MANGOLD WAY,ERITH,ERITH,BEXLEY,GREATER LONDON,1157.89473684211,5.0,95.0,63.0,1966,DA18,2004
{D6240181-45B5-41E2-B3D9-48962789BC00},149995,2004-06-15 00:00,DA18 4DX,F,0,L,3,,ST HELENS ROAD,ERITH,ERITH,BEXLEY,GREATER LONDON,1249.95833333333,7.0,120.0,69.0,1982,DA18,2004
{22227933-CB45-419A-B74D-3F3F76BC7D2B},62000,2004-06-27 00:00,DA18 4BG,F,0,L,"MUSCOVY HOUSE, 5",FLAT 20,KALE ROAD,ERITH,ERITH,BEXLEY,GREATER LONDON,1265.30612244898,2.0,49.0,72.0,1966,DA18,2004
{00105C82-7359-43A8-A085-684E06DE92BF},138000,2004-07-30 00:00,DA18 4DX,S,0,L,7,,ST HELENS ROAD,ERITH,ERITH,BEXLEY,GREATER LONDON,1067.28538283063,7.0,129.3,64.0,1982,DA18,2004
{79EFCD37-A6E2-4F4C-B473-3A60F3DD1A1A},175000,2004-07-30 00:00,DA18 4HT,T,0,F,9,,ASPEN GREEN,ERITH,ERITH,BEXLEY,GREATER LONDON,1620.37037037037,6.0,108.0,73.0,1975,DA18,2004
{E68AC74E-4836-4F74-BA17-83D34C9D78CE},145000,2004-08-02 00:00,DA18 4HH,T,0,F,70,,PARKWAY,ERITH,ERITH,BEXLEY,GREATER LONDON,1817.04260651629,3.0,79.8,70.0,1982,DA18,2004
{90BA2782-FB5E-48F0-919D-A38954941B54},179995,2004-08-26 00:00,DA18 4HN,T,0,F,19,,NORTHWOOD PLACE,ERITH,ERITH,BEXLEY,GREATER LONDON,1565.17391304348,5.0,115.0,54.0,1990,DA18,2004
{D4789704-59DC-4D97-82E2-0070B247F10C},158000,2004-08-27 00:00,DA18 4HH,S,0,F,80,,PARKWAY,ERITH,ERITH,BEXLEY,GREATER LONDON,2257.14285714286,4.0,70.0,61.0,1990,DA18,2004
{B6442D09-4F77-498E-9AD5-B5B3EF8CCFF1},180000,2004-08-27 00:00,DA18 4DY,T,0,F,7,,ST MICHAELS CLOSE,ERITH,ERITH,BEXLEY,GREATER LONDON,1914.89361702128,5.0,94.0,60.0,1975,DA18,2004
{137EDAFE-5EBF-486B-8E62-8CBA180FC7BB},103000,2004-09-21 00:00,DA18 4HA,F,0,L,3,,GLIMPSING GREEN,ERITH,ERITH,BEXLEY,GREATER LONDON,2060.0,2.0,50.0,72.0,1982,DA18,2004
{2985BDB5-F72B-4161-BD6B-94DC2EEFF540},124995,2004-09-30 00:00,DA18 4DB,T,0,F,111,,MANGOLD WAY,ERITH,ERITH,BEXLEY,GREATER LONDON,1350.275467214,6.0,92.57,61.0,1975,DA18,2004
{B1CE2983-67FF-4CC8-8961-F311708FE519},170500,2004-10-08 00:00,DA18 4DZ,T,0,L,28,,ST MARTINS CLOSE,ERITH,ERITH,BEXLEY,GREATER LONDON,1639.42307692308,6.0,104.0,67.0,1966,DA18,2004
{4CF6A8B1-3939-4DFC-90FF-61D9AA2F2CCE},105000,2004-10-19 00:00,DA18 4HB,F,0,L,93,,GLIMPSING GREEN,ERITH,ERITH,BEXLEY,GREATER LONDON,2142.85714285714,3.0,49.0,59.0,1975,DA18,2004
{E4051CB2-D98F-4161-AA0B-54A28FB9B93D},134995,2004-10-29 00:00,DA18 4DB,T,0,F,131,,MANGOLD WAY,ERITH,ERITH,BEXLEY,GREATER LONDON,1451.55913978495,6.0,93.0,62.0,1966,DA18,2004
{BDB46FD8-C37C-4470-98AF-9C559F763E37},167000,2004-10-29 00:00,DA18 4DZ,T,0,F,26,,ST MARTINS CLOSE,ERITH,ERITH,BEXLEY,GREATER LONDON,1338.14102564103,6.0,124.8,64.0,1982,DA18,2004
{BE101AC0-02C2-428E-B2A6-E5376478BD28},167000,2004-11-03 00:00,DA18 4HP,T,0,F,98,,LEATHERBOTTLE GREEN,ERITH,ERITH,BEXLEY,GREATER LONDON,2385.71428571429,5.0,70.0,49.0,1966,DA18,2004
{21368B7A-5FCC-4ECE-9A89-BE7A7CF520FF},175000,2004-11-05 00:00,DA18 4DU,T,0,F,11,,ST EDMUNDS CLOSE,ERITH,ERITH,BEXLEY,GREATER LONDON,1785.71428571429,5.0,98.0,43.0,1982,DA18,2004
{4ADF7FBF-4C22-40D9-8EE0-87645F1DBB1E},149000,2004-11-26 00:00,DA18 4DL,T,0,F,68,,HOLSTEIN WAY,ERITH,ERITH,BEXLEY,GREATER LONDON,1146.15384615385,6.0,130.0,69.0,1982,DA18,2004
{E8F8045F-944A-4B61-88D0-426196EF9585},180000,2004-12-08 00:00,DA18 4HB,T,0,F,61,,GLIMPSING GREEN,ERITH,ERITH,BEXLEY,GREATER LONDON,1875.0,5.0,96.0,75.0,1982,DA18,2004
{41C47CD0-10F8-46DD-9E69-044D4109BD60},135000,2004-12-20 00:00,DA18 4DD,T,0,F,239,,MANGOLD WAY,ERITH,ERITH,BEXLEY,GREATER LONDON,1607.14285714286,4.0,84.0,52.0,1975,DA18,2004
{624D4684-4D2D-4144-8E9B-83EE47302FD7},90000,2005-02-02 00:00,DA18 4HW,F,0,L,29,,LIME ROW,,ERITH,BEXLEY,GREATER LONDON,1866.44545831605,3.0,48.22,73.0,1975,DA18,2005
{4344E6D7-9C69-4178-8650-4A0DF870BF4F},177500,2005-02-14 00:00,DA18 4HG,T,0,F,33,,PARKWAY,,ERITH,BEXLEY,GREATER LONDON,1643.51851851852,6.0,108.0,62.0,1982,DA18,2005
{F9F6EE95-B6E1-4890-B5E4-C1F3BEB5D36E},178000,2005-02-14 00:00,DA18 4DZ,S,0,L,32,,ST MARTINS CLOSE,,ERITH,BEXLEY,GREATER LONDON,1471.07438016529,6.0,121.0,61.0,1975,DA18,2005
{41C043A5-7B06-4D79-818D-B6B5BCE9E657},150000,2005-03-03 00:00,DA18 4DL,T,0,F,100,,HOLSTEIN WAY,,ERITH,BEXLEY,GREATER LONDON,1648.35164835165,6.0,91.0,54.0,1966,DA18,2005
{EFC88F6A-2218-46C6-B2A0-6EEB83A51032},120000,2005-03-09 00:00,DA18 4BX,T,0,F,81,,REDPOLL WAY,,ERITH,BEXLEY,GREATER LONDON,1194.62419113987,6.0,100.45,59.0,1966,DA18,2005
{8F088BA4-A947-4730-876C-0194C44C9EE5},128000,2005-03-10 00:00,DA18 4DJ,T,0,F,2,,HOLSTEIN WAY,ERITH,ERITH,BEXLEY,GREATER LONDON,1319.58762886598,6.0,97.0,51.0,1975,DA18,2005
{4E8C46D9-2144-4F0E-9DA5-0C4F016F4772},132000,2005-04-15 00:00,DA18 4DQ,T,0,F,11,,HOLSTEIN WAY,ERITH,ERITH,BEXLEY,GREATER LONDON,1450.54945054945,5.0,91.0,54.0,1975,DA18,2005
{FA6B5C0C-A501-4D2F-9F13-82731A620CF8},135000,2005-04-20 00:00,DA18 4DQ,T,0,F,37,,HOLSTEIN WAY,ERITH,ERITH,BEXLEY,GREATER LONDON,1173.91304347826,7.0,115.0,64.0,1982,DA18,2005
{59D0A361-6B42-48C7-8529-19DE2821772B},125000,2005-04-27 00:00,DA18 4DL,T,0,F,98,,HOLSTEIN WAY,,ERITH,BEXLEY,GREATER LONDON,1275.51020408163,5.0,98.0,45.0,1966,DA18,2005
{01459CA2-21CA-4448-AB3D-D2D8C7DC131E},185000,2005-05-11 00:00,DA18 4HU,T,0,F,61,,ASPEN GREEN,,ERITH,BEXLEY,GREATER LONDON,1728.97196261682,6.0,107.0,76.0,1990,DA18,2005
{8410255D-45E3-40EC-833B-1E2BE460A564},122500,2005-05-18 00:00,DA18 4DQ,S,0,F,15,,HOLSTEIN WAY,ERITH,ERITH,BEXLEY,GREATER LONDON,1297.66949152542,4.0,94.4,53.0,1966,DA18,2005
{4A3CC03F-40E5-4339-AA90-95137108F90D},118000,2005-06-01 00:00,DA18 4DB,T,0,F,179,,MANGOLD WAY,ERITH,ERITH,BEXLEY,GREATER LONDON,1298.41549295775,6.0,90.88,43.0,1966,DA18,2005
{A5B6A775-5E5E-482A-B586-04F82D07AE6A},165000,2005-06-06 00:00,DA18 4DZ,T,0,F,15,,ST MARTINS CLOSE,ERITH,ERITH,BEXLEY,GREATER LONDON,1460.17699115044,5.0,113.0,67.0,1975,DA18,2005
{C26B03D8-41F9-4D80-BDE4-1186853E6323},120000,2005-06-17 00:00,DA18 4DD,T,0,F,189,,MANGOLD WAY,ERITH,ERITH,BEXLEY,GREATER LONDON,1100.91743119266,5.0,109.0,55.0,1966,DA18,2005
{279712D0-BD44-4750-BB8D-5026AA03B19A},147750,2005-06-21 00:00,DA18 4HQ,T,0,F,77,,PARKWAY,ERITH,ERITH,BEXLEY,GREATER LONDON,1836.31618195377,4.0,80.46,63.0,1982,DA18,2005
{D826DAFB-9FDA-48C9-AB87-9A2F22C56F42},149500,2005-07-08 00:00,DA18 4HY,T,0,F,8,,ASPEN GREEN,ERITH,ERITH,BEXLEY,GREATER LONDON,2076.38888888889,5.0,72.0,75.0,1966,DA18,2005
{D2B9A88A-0503-4919-87F6-D203134BCF7E},99995,2005-07-13 00:00,DA18 4HG,F,0,L,59,,PARKWAY,ERITH,ERITH,BEXLEY,GREATER LONDON,2083.22916666667,2.0,48.0,69.0,1966,DA18,2005
{75CF939F-FB9A-480C-B17A-2E6EA1753F6E},152000,2005-07-26 00:00,DA18 4DX,T,0,L,6,,ST HELENS ROAD,ERITH,ERITH,BEXLEY,GREATER LONDON,1118.05810959912,7.0,135.95,63.0,1982,DA18,2005
{939CDD83-56CB-4848-A547-4803079C1136},174000,2005-08-22 00:00,DA18 4DU,F,0,F,1,,ST EDMUNDS CLOSE,ERITH,ERITH,BEXLEY,GREATER LONDON,1450.0,6.0,120.0,61.0,1975,DA18,2005
{D331F23F-E899-4626-9F30-E5CD9F6251D1},185000,2005-09-19 00:00,DA18 4DX,T,0,F,9,,ST HELENS ROAD,ERITH,ERITH,BEXLEY,GREATER LONDON,1622.80701754386,6.0,114.0,61.0,1975,DA18,2005
{FCD445C3-9072-47BB-9C17-1DD577E234D8},156000,2005-10-14 00:00,DA18 4HA,T,0,F,47,,GLIMPSING GREEN,ERITH,ERITH,BEXLEY,GREATER LONDON,1902.43902439024,4.0,82.0,68.0,1982,DA18,2005
{8E43C58B-9DEB-42DD-B549-48AE2A6E4832},281000,2005-10-21 00:00,DA18 4DS,T,0,F,20,,ST KATHERINES ROAD,ERITH,ERITH,BEXLEY,GREATER LONDON,1951.38888888889,4.0,144.0,66.0,1975,DA18,2005
{82F6F2DE-5E2A-4ED7-B957-F60ED11521D8},93350,2005-10-21 00:00,DA18 4HE,F,0,L,38,,GLIMPSING GREEN,ERITH,ERITH,BEXLEY,GREATER LONDON,2029.34782608696,2.0,46.0,63.0,1975,DA18,2005
{70BAF22A-D4FC-46D0-A823-DA5C95F74B14},165000,2005-12-09 00:00,DA18 4DQ,T,0,F,37,,HOLSTEIN WAY,,ERITH,BEXLEY,GREATER LONDON,1434.78260869565,7.0,115.0,64.0,1982,DA18,2005
{CAE70029-EF8E-49FE-86AF-21F243FA6787},181000,2005-12-20 00:00,DA18 4HD,T,0,F,100,,GLIMPSING GREEN,ERITH,ERITH,BEXLEY,GREATER LONDON,1701.44764053394,6.0,106.38,63.0,1982,DA18,2005
{9DBE8FD1-4942-41E5-B769-F345E1F0D7A4},100000,2006-01-13 00:00,DA18 4BX,T,0,F,65,,REDPOLL WAY,ERITH,ERITH,BEXLEY,GREATER LONDON,1126.12612612613,5.0,88.8,65.0,1975,DA18,2006
{D9C5E1FE-5F4E-4DEE-9AE5-13965EBB8071},103500,2006-02-07 00:00,DA18 4HA,F,0,L,31,,GLIMPSING GREEN,ERITH,ERITH,BEXLEY,GREATER LONDON,2180.32441542027,2.0,47.47,59.0,1990,DA18,2006
{42ABB29A-2288-4ABF-BB55-E058B7DA02FB},130000,2006-02-07 00:00,DA18 4DH,T,0,F,111,,HOLSTEIN WAY,ERITH,ERITH,BEXLEY,GREATER LONDON,1865.13629842181,4.0,69.7,62.0,1975,DA18,2006
{0F057D76-32DC-4FDD-8647-E4A1FF6687AE},149000,2006-02-17 00:00,DA18 4HG,T,0,F,25,,PARKWAY,ERITH,ERITH,BEXLEY,GREATER LONDON,2041.09589041096,5.0,73.0,73.0,1975,DA18,2006
{9A86D184-1140-47E1-9490-F277B6074781},180000,2006-02-17 00:00,DA18 4HA,T,0,F,19,,GLIMPSING GREEN,ERITH,ERITH,BEXLEY,GREATER LONDON,1666.66666666667,5.0,108.0,53.0,1975,DA18,2006
{D968E10E-3438-41F0-BAA6-A21F32966337},105000,2006-03-24 00:00,DA18 4HE,F,0,L,32,,GLIMPSING GREEN,ERITH,ERITH,BEXLEY,GREATER LONDON,2270.27027027027,2.0,46.25,59.0,1982,DA18,2006
{AB371426-7C17-4CBB-B9B7-203BBC1BE6AC},121000,2006-05-05 00:00,DA18 4DB,T,0,F,159,,MANGOLD WAY,ERITH,ERITH,BEXLEY,GREATER LONDON,1287.23404255319,6.0,94.0,64.0,1975,DA18,2006
{5F782B71-F8B8-4411-8076-C19D60A2049D},156500,2006-06-30 00:00,DA18 4HE,T,0,F,54,,GLIMPSING GREEN,ERITH,ERITH,BEXLEY,GREATER LONDON,1956.25,4.0,80.0,63.0,1982,DA18,2006
{C840465E-7A0D-45E7-8DC5-27B423DED17F},160000,2006-06-30 00:00,DA18 4DS,T,0,F,12,,ST KATHERINES ROAD,ERITH,ERITH,BEXLEY,GREATER LONDON,1454.54545454545,6.0,110.0,71.0,1990,DA18,2006
{704D4B5A-A1C7-48E3-9D63-D078D14B22AD},109950,2006-07-10 00:00,DA18 4HE,F,0,L,12,,GLIMPSING GREEN,ERITH,ERITH,BEXLEY,GREATER LONDON,2339.36170212766,2.0,47.0,53.0,1975,DA18,2006
{C24EC01B-679E-4C94-911B-C35433AA5473},151000,2006-07-14 00:00,DA18 4HQ,F,0,L,109,,PARKWAY,ERITH,ERITH,BEXLEY,GREATER LONDON,1911.39240506329,4.0,79.0,55.0,1982,DA18,2006
{4874600F-21A7-430C-A727-F0D5EB30C099},185000,2006-07-14 00:00,DA18 4HA,T,0,F,17,,GLIMPSING GREEN,ERITH,ERITH,BEXLEY,GREATER LONDON,1697.24770642202,6.0,109.0,74.0,1975,DA18,2006
{4C6D2C76-5BAC-4AFC-B3C3-893339B97C4A},79000,2006-07-25 00:00,DA18 4BS,F,0,L,98,,MARAN WAY,ERITH,ERITH,BEXLEY,GREATER LONDON,1012.82051282051,6.0,78.0,63.0,1975,DA18,2006
{396D5424-87AC-4F8B-833C-56CADF454485},140000,2006-08-04 00:00,DA18 4DJ,T,0,F,12,,HOLSTEIN WAY,ERITH,ERITH,BEXLEY,GREATER LONDON,1555.55555555556,5.0,90.0,70.0,1982,DA18,2006
{99B9729D-2972-45F9-A969-656B3E6A2F28},138000,2006-08-09 00:00,DA18 4DQ,T,0,F,57,,HOLSTEIN WAY,ERITH,ERITH,BEXLEY,GREATER LONDON,1472.47119078105,4.0,93.72,65.0,1975,DA18,2006
{059AE735-3A2B-4B95-BA8D-B071509BD6CF},118000,2006-08-18 00:00,DA18 4DJ,T,0,F,4,,HOLSTEIN WAY,ERITH,ERITH,BEXLEY,GREATER LONDON,1439.0243902439,6.0,82.0,65.0,1966,DA18,2006
{5D2F36B5-88FF-47AA-A824-83D7E06B5A8C},127000,2006-08-24 00:00,DA18 4BU,T,0,F,41,,REDPOLL WAY,ERITH,ERITH,BEXLEY,GREATER LONDON,1104.34782608696,6.0,115.0,52.0,1975,DA18,2006
{23B1F2F7-7335-4131-AFD4-AF9DCE52C408},108000,2006-09-20 00:00,DA18 4HA,F,0,L,11,,GLIMPSING GREEN,ERITH,ERITH,BEXLEY,GREATER LONDON,2332.61339092873,2.0,46.3,60.0,1990,DA18,2006
{DB6CF54D-1F8C-42B5-9C47-1387E67828A4},153000,2006-10-13 00:00,DA18 4HQ,T,0,F,145,,PARKWAY,ERITH,ERITH,BEXLEY,GREATER LONDON,1888.88888888889,4.0,81.0,75.0,1975,DA18,2006
{75082F08-014C-4A45-B28B-F5125C9A1C65},92000,2006-10-19 00:00,DA18 4HG,F,0,L,57,,PARKWAY,ERITH,ERITH,BEXLEY,GREATER LONDON,1932.7731092437,2.0,47.6,56.0,1982,DA18,2006
{45D84AF3-DCB6-4095-86A8-982BED137C07},197000,2006-11-02 00:00,DA18 4DT,T,0,F,10,,ST BRIDES CLOSE,ERITH,ERITH,BEXLEY,GREATER LONDON,1481.2030075188,7.0,133.0,77.0,1966,DA18,2006
{AE5E2AB6-3AE4-4A2B-9E5E-E70DD6DCA463},107500,2006-11-07 00:00,DA18 4HB,F,0,L,97,,GLIMPSING GREEN,ERITH,ERITH,BEXLEY,GREATER LONDON,2287.23404255319,2.0,47.0,60.0,1966,DA18,2006
{5545CC3A-EDE8-4489-A929-1E38CBA9D8BF},107500,2006-11-08 00:00,DA18 4HB,F,0,L,87,,GLIMPSING GREEN,ERITH,ERITH,BEXLEY,GREATER LONDON,2239.58333333333,2.0,48.0,65.0,1982,DA18,2006
{D0DAA7DD-E106-44B8-BA74-6CCCAD868C82},165000,2006-11-24 00:00,DA18 4HD,T,0,F,78,,GLIMPSING GREEN,ERITH,ERITH,BEXLEY,GREATER LONDON,2357.14285714286,5.0,70.0,69.0,1982,DA18,2006
{7B0B6941-ED33-4FAA-B969-3DAD3002A8C0},192000,2006-11-30 00:00,DA18 4DZ,T,0,F,11,,ST MARTINS CLOSE,ERITH,ERITH,BEXLEY,GREATER LONDON,1882.35294117647,5.0,102.0,55.0,1966,DA18,2006
{0D8186C6-AD21-4FF2-B914-8A90ECBF5619},104995,2006-11-30 00:00,DA18 4HS,F,0,L,83,,LEATHERBOTTLE GREEN,ERITH,ERITH,BEXLEY,GREATER LONDON,2233.93617021277,2.0,47.0,65.0,1982,DA18,2006
{6BDBFCB6-4ECE-4969-ABE4-1E50D029B5F5},200000,2006-11-30 00:00,DA18 4DS,T,0,F,14,,ST KATHERINES ROAD,ERITH,ERITH,BEXLEY,GREATER LONDON,1639.34426229508,6.0,122.0,70.0,1975,DA18,2006
{859B8AB7-D284-4316-89F9-368C1E3A07AC},148000,2006-12-07 00:00,DA18 4DJ,T,0,F,56,,HOLSTEIN WAY,ERITH,ERITH,BEXLEY,GREATER LONDON,1465.34653465347,5.0,101.0,57.0,1975,DA18,2006
{F692E738-CF60-4BED-9E89-A7E0685FEC89},99995,2006-12-20 00:00,DA18 4HY,F,0,L,32,,ASPEN GREEN,ERITH,ERITH,BEXLEY,GREATER LONDON,2131.18073316283,2.0,46.92,70.0,1982,DA18,2006
{84091B71-1131-45B1-9FF2-6A72791F0F32},80000,2006-12-21 00:00,DA18 4DQ,F,0,L,93,,HOLSTEIN WAY,ERITH,ERITH,BEXLEY,GREATER LONDON,776.699029126214,5.0,103.0,55.0,1975,DA18,2006
{C7500281-78BC-412C-AF13-7C5B48FEC372},164000,2007-02-15 00:00,DA18 4HN,T,0,F,25,,NORTHWOOD PLACE,ERITH,ERITH,BEXLEY,GREATER LONDON,1975.90361445783,5.0,83.0,73.0,1990,DA18,2007
{102F1F2B-48D2-47D0-AEE7-317442CBC72F},106000,2007-03-08 00:00,DA18 4HX,F,0,L,112,,ASPEN GREEN,ERITH,ERITH,BEXLEY,GREATER LONDON,2255.31914893617,3.0,47.0,74.0,1982,DA18,2007
{465AD4EF-430B-4DC7-BDB7-7E3C3D59F5A8},190000,2007-03-28 00:00,DA18 4HD,T,0,F,84,,GLIMPSING GREEN,ERITH,ERITH,BEXLEY,GREATER LONDON,2435.89743589744,4.0,78.0,73.0,1982,DA18,2007
{5DBF9388-021E-4E11-9A8A-35198D1604AF},96000,2007-03-29 00:00,DA18 4HB,F,0,L,81,,GLIMPSING GREEN,ERITH,ERITH,BEXLEY,GREATER LONDON,2000.0,2.0,48.0,71.0,1982,DA18,2007
{AA4D9BEC-5923-43F1-903C-F92FDA4C748F},184000,2007-04-05 00:00,DA18 4HU,T,0,F,65,,ASPEN GREEN,ERITH,ERITH,BEXLEY,GREATER LONDON,1672.72727272727,6.0,110.0,75.0,1982,DA18,2007
{2DA99377-1561-4735-A4A7-A5DA2BC7FEDC},162500,2007-06-01 00:00,DA18 4HG,F,0,L,29,,PARKWAY,ERITH,ERITH,BEXLEY,GREATER LONDON,1889.53488372093,3.0,86.0,64.0,1975,DA18,2007
{233E47E1-27F7-4030-ACA3-E791EAC4BBE0},65000,2007-06-13 00:00,DA18 4BG,F,0,L,"MUSCOVY HOUSE, 5",FLAT 2,KALE ROAD,ERITH,ERITH,BEXLEY,GREATER LONDON,1300.0,2.0,50.0,49.0,1966,DA18,2007
{625EBBA1-E3F4-454D-8B38-395DEBFCB9E5},207000,2007-06-28 00:00,DA18 4DU,S,0,F,9,,ST EDMUNDS CLOSE,ERITH,ERITH,BEXLEY,GREATER LONDON,1682.92682926829,8.0,123.0,75.0,1982,DA18,2007
{E6BC4B92-E65E-4B57-8870-2E83E58D3F3B},165000,2007-07-20 00:00,DA18 4HJ,T,0,F,50,,PARKWAY,ERITH,ERITH,BEXLEY,GREATER LONDON,1617.64705882353,4.0,102.0,60.0,1966,DA18,2007
{5A4C20EE-8B15-4C2F-949C-3ACB00A7F2D3},150000,2007-08-17 00:00,DA18 4DH,T,0,F,151,,HOLSTEIN WAY,ERITH,ERITH,BEXLEY,GREATER LONDON,1315.78947368421,6.0,114.0,62.0,1975,DA18,2007
{C9819BD9-9519-48E4-BFC6-E5C7639EE30B},182000,2007-08-24 00:00,DA18 4HD,T,0,F,116,,GLIMPSING GREEN,ERITH,ERITH,BEXLEY,GREATER LONDON,2333.33333333333,4.0,78.0,65.0,1982,DA18,2007
{5FE00CE8-71BA-4249-93B6-C2F723736CBA},135995,2007-09-07 00:00,DA18 4DF,T,0,F,94,,MANGOLD WAY,ERITH,ERITH,BEXLEY,GREATER LONDON,1449.2220801364,6.0,93.84,62.0,1975,DA18,2007
{C96F0376-0342-4061-8D29-A53D0C853520},137000,2007-09-14 00:00,DA18 4DF,T,0,F,136,,MANGOLD WAY,ERITH,ERITH,BEXLEY,GREATER LONDON,1356.43564356436,6.0,101.0,69.0,1975,DA18,2007
{F480B669-FB75-4EEE-A131-0C5B0FAA4E73},137500,2007-09-18 00:00,DA18 4BY,F,0,F,6,,REDPOLL WAY,ERITH,ERITH,BEXLEY,GREATER LONDON,1462.76595744681,6.0,94.0,51.0,1966,DA18,2007
{7E7E24BC-5368-4635-826B-2096D2AAD315},115000,2007-09-19 00:00,DA18 4BT,F,0,L,135,,MARAN WAY,ERITH,ERITH,BEXLEY,GREATER LONDON,1455.69620253165,5.0,79.0,65.0,1975,DA18,2007
{C93171BD-125A-4356-9E58-17F744260E47},129995,2007-09-28 00:00,DA18 4HD,F,0,L,60,,GLIMPSING GREEN,ERITH,ERITH,BEXLEY,GREATER LONDON,2652.95918367347,2.0,49.0,70.0,1990,DA18,2007
{EECA6E5D-01ED-43E4-B345-0AEF9DF5A066},190000,2007-10-11 00:00,DA18 4HE,T,0,F,24,,GLIMPSING GREEN,ERITH,ERITH,BEXLEY,GREATER LONDON,1637.93103448276,6.0,116.0,70.0,1975,DA18,2007
{2DF4B881-0029-40F6-A7D3-D52EF336CA8F},67000,2007-10-16 00:00,DA18 4BG,F,0,L,"MUSCOVY HOUSE, 5",FLAT 36,KALE ROAD,ERITH,ERITH,BEXLEY,GREATER LONDON,1288.46153846154,2.0,52.0,73.0,1975,DA18,2007
{D6FAF96D-D1CC-4DD9-9764-E30AD91997FC},167000,2007-10-26 00:00,DA18 4DF,T,0,F,84,,MANGOLD WAY,ERITH,ERITH,BEXLEY,GREATER LONDON,1120.80536912752,8.0,149.0,68.0,1966,DA18,2007
{5F6813FE-75A0-478A-B2AF-8C50A8D47EB0},154000,2007-10-26 00:00,DA18 4BX,T,0,F,83,,REDPOLL WAY,ERITH,ERITH,BEXLEY,GREATER LONDON,1673.91304347826,5.0,92.0,72.0,1966,DA18,2007
{01436FFF-65BE-4C57-A416-A9EF1286D37B},112000,2007-10-26 00:00,DA18 4HB,F,0,L,95,,GLIMPSING GREEN,ERITH,ERITH,BEXLEY,GREATER LONDON,2434.78260869565,3.0,46.0,60.0,1982,DA18,2007
{85535D88-1AFF-48D7-978C-881DD10A69A6},123300,2007-11-29 00:00,DA18 4DH,F,0,F,117,,HOLSTEIN WAY,ERITH,ERITH,BEXLEY,GREATER LONDON,1325.8064516129,5.0,93.0,57.0,1975,DA18,2007
{BBA4C9BB-3B7C-402E-8621-2335E16ACFF5},200000,2007-12-04 00:00,DA18 4DZ,T,0,F,15,,ST MARTINS CLOSE,ERITH,ERITH,BEXLEY,GREATER LONDON,1769.91150442478,5.0,113.0,67.0,1975,DA18,2007
{C5322E5A-BEC7-41F8-86E5-8AA2389D5AC8},124950,2007-12-07 00:00,DA18 4DF,T,0,F,106,,MANGOLD WAY,ERITH,ERITH,BEXLEY,GREATER LONDON,1329.25531914894,6.0,94.0,69.0,1975,DA18,2007
{8222589C-8F9A-4821-BDCD-7B1D50F8982F},189000,2007-12-19 00:00,DA18 4HG,T,0,F,47,,PARKWAY,ERITH,ERITH,BEXLEY,GREATER LONDON,2423.07692307692,4.0,78.0,66.0,1982,DA18,2007
{FF9111F6-1AAB-4108-8D3D-385E942ACE6C},133000,2007-12-20 00:00,DA18 4DB,T,0,F,159,,MANGOLD WAY,ERITH,ERITH,BEXLEY,GREATER LONDON,1414.89361702128,6.0,94.0,64.0,1975,DA18,2007
{25CB0E35-595A-40A2-B981-47DB0BF5D07D},133000,2008-01-03 00:00,DA18 4DQ,S,0,F,15,,HOLSTEIN WAY,ERITH,ERITH,BEXLEY,GREATER LONDON,1408.89830508475,4.0,94.4,53.0,1966,DA18,2008
{898EE3A4-C5CA-4DF5-AA31-6CF71A554288},170000,2008-01-10 00:00,DA18 4DL,T,0,F,66,,HOLSTEIN WAY,ERITH,ERITH,BEXLEY,GREATER LONDON,1603.77358490566,4.0,106.0,64.0,1949,DA18,2008
{938C6A2F-6AC7-4235-9F62-20FE22170526},202500,2008-01-18 00:00,DA18 4DS,T,0,F,10,,ST KATHERINES ROAD,ERITH,ERITH,BEXLEY,GREATER LONDON,1646.34146341463,6.0,123.0,59.0,1975,DA18,2008
{C04AD6FA-E09F-4EB0-8BF3-480BB81DDB1A},136500,2008-01-21 00:00,DA18 4DQ,T,0,F,69,,HOLSTEIN WAY,ERITH,ERITH,BEXLEY,GREATER LONDON,1551.13636363636,4.0,88.0,61.0,1975,DA18,2008
{583862A8-73A1-443F-98A6-7D8CE387B682},139000,2008-02-12 00:00,DA18 4BX,T,0,F,69,,REDPOLL WAY,ERITH,ERITH,BEXLEY,GREATER LONDON,1494.62365591398,4.0,93.0,56.0,1966,DA18,2008
{9541F8C8-9901-4FE0-B42A-C8666094008A},194995,2008-02-13 00:00,DA18 4HY,T,0,F,6,,ASPEN GREEN,ERITH,ERITH,BEXLEY,GREATER LONDON,2119.51086956522,5.0,92.0,46.0,1982,DA18,2008
{507EAB54-DF2C-4BBD-A86C-10123E16EE7C},115000,2008-02-29 00:00,DA18 4HE,F,0,L,6,,GLIMPSING GREEN,ERITH,ERITH,BEXLEY,GREATER LONDON,2500.0,2.0,46.0,73.0,1982,DA18,2008
{61B075EB-E902-4CD7-A8AC-CD3BA0170BBA},179995,2008-03-18 00:00,DA18 4HE,T,0,F,16,,GLIMPSING GREEN,ERITH,ERITH,BEXLEY,GREATER LONDON,1914.84042553191,5.0,94.0,71.0,1975,DA18,2008
{4567EB97-8B18-4581-B15E-4CC26E4F483D},148000,2008-03-19 00:00,DA18 4HQ,F,0,L,71,,PARKWAY,ERITH,ERITH,BEXLEY,GREATER LONDON,1850.0,3.0,80.0,71.0,1982,DA18,2008
{92E30A8E-99E8-4694-BD0B-A74206F7B59A},168000,2008-03-20 00:00,DA18 4HA,F,0,F,41,,GLIMPSING GREEN,ERITH,ERITH,BEXLEY,GREATER LONDON,2024.09638554217,4.0,83.0,61.0,1982,DA18,2008
{ED63E945-87B6-4605-B1F3-41473B1994A3},190000,2008-04-10 00:00,DA18 4HB,T,0,F,61,,GLIMPSING GREEN,ERITH,ERITH,BEXLEY,GREATER LONDON,1979.16666666667,5.0,96.0,75.0,1982,DA18,2008
{E29DDD81-B678-4822-AE1C-03385092BDF6},150000,2008-04-15 00:00,DA18 4DL,T,0,F,86,,HOLSTEIN WAY,ERITH,ERITH,BEXLEY,GREATER LONDON,1595.74468085106,6.0,94.0,61.0,1975,DA18,2008
{DEAA9F86-EC7B-453C-A218-E15FBCDC8B8F},155000,2008-05-16 00:00,DA18 4BU,T,0,F,33,,REDPOLL WAY,ERITH,ERITH,BEXLEY,GREATER LONDON,1220.47244094488,6.0,127.0,47.0,1975,DA18,2008
{9E071346-7CD8-4D73-9A1E-8C072ACABDF2},120000,2008-05-23 00:00,DA18 4HE,F,0,L,38,,GLIMPSING GREEN,ERITH,ERITH,BEXLEY,GREATER LONDON,2608.69565217391,2.0,46.0,63.0,1975,DA18,2008
{9A41A3A2-5BAF-4EC1-A785-12ED2310EFA1},200000,2008-05-28 00:00,DA18 4HR,T,0,F,118,,LEATHERBOTTLE GREEN,ERITH,ERITH,BEXLEY,GREATER LONDON,1801.8018018018,5.0,111.0,65.0,1982,DA18,2008
{6DB9B133-EEF7-4BB4-85DF-0FC71E873E35},210000,2008-06-20 00:00,DA18 4HD,T,0,F,82,,GLIMPSING GREEN,ERITH,ERITH,BEXLEY,GREATER LONDON,1909.09090909091,6.0,110.0,74.0,1982,DA18,2008
{D71BC061-96F8-4CDB-99FA-7810E92B5B33},217500,2008-06-27 00:00,DA18 4DU,T,0,F,8,,ST EDMUNDS CLOSE,ERITH,ERITH,BEXLEY,GREATER LONDON,1891.30434782609,5.0,115.0,72.0,1982,DA18,2008
{72667EF6-56C9-4580-92DB-AE03DB81F737},136000,2008-06-30 00:00,DA18 4DJ,T,0,F,4,,HOLSTEIN WAY,ERITH,ERITH,BEXLEY,GREATER LONDON,1658.53658536585,6.0,82.0,65.0,1966,DA18,2008
{DD340F0D-592F-4F4E-8FC1-2755F56848E3},203000,2008-06-30 00:00,DA18 4DX,T,0,F,17,,ST HELENS ROAD,ERITH,ERITH,BEXLEY,GREATER LONDON,1753.47672108491,6.0,115.77,63.0,1982,DA18,2008
{63438273-329A-4018-845A-E83F2D3E5886},119000,2008-06-30 00:00,DA18 4DL,T,0,F,92,,HOLSTEIN WAY,ERITH,ERITH,BEXLEY,GREATER LONDON,1293.47826086957,4.0,92.0,55.0,1975,DA18,2008
{E08513F5-72EF-4672-9AC7-B4C587C7E095},120000,2008-08-01 00:00,DA18 4DZ,T,0,F,17,,ST MARTINS CLOSE,ERITH,ERITH,BEXLEY,GREATER LONDON,1016.51842439644,6.0,118.05,69.0,1982,DA18,2008
{4AB86D49-9585-4FA2-AA51-94BB5365741A},174500,2008-08-15 00:00,DA18 4DL,T,0,F,64,,HOLSTEIN WAY,ERITH,ERITH,BEXLEY,GREATER LONDON,1530.70175438596,6.0,114.0,62.0,1975,DA18,2008
{C34015E3-2033-4ABB-B154-B517891DF82F},150000,2009-03-26 00:00,DA18 4DL,T,0,F,88,,HOLSTEIN WAY,,ERITH,BEXLEY,GREATER LONDON,1271.18644067797,6.0,118.0,63.0,1990,DA18,2009
{0D9182BD-F8D9-4C23-A31C-007D79E5373D},200000,2009-05-06 00:00,DA18 4HT,T,0,F,9,,ASPEN GREEN,,ERITH,BEXLEY,GREATER LONDON,1851.85185185185,6.0,108.0,73.0,1975,DA18,2009
{351A1846-429E-4070-B2AD-C73732B0BB95},165000,2009-05-21 00:00,DA18 4DL,T,0,F,82,,HOLSTEIN WAY,,ERITH,BEXLEY,GREATER LONDON,932.203389830509,6.0,177.0,61.0,1966,DA18,2009
{E365E952-707D-4FB6-B4EA-2B133E15EC82},170000,2009-08-13 00:00,DA18 4HH,T,0,F,90,,PARKWAY,,ERITH,BEXLEY,GREATER LONDON,1147.02111868295,8.0,148.21,67.0,1990,DA18,2009
{3D6BAE13-2485-4F90-87E1-AC0D584FF5A0},122500,2009-08-26 00:00,DA18 4DA,T,0,F,47,,MANGOLD WAY,,ERITH,BEXLEY,GREATER LONDON,1297.66949152542,6.0,94.4,58.0,1966,DA18,2009
{5B2A2109-BCC4-40A0-8C4D-2F1A3F335298},155000,2009-09-11 00:00,DA18 4DH,T,0,F,163,,HOLSTEIN WAY,,ERITH,BEXLEY,GREATER LONDON,1388.76444763014,5.0,111.61,67.0,1975,DA18,2009
{CD9DBC6F-02E8-406C-ADBE-562BFBCA7D0E},183000,2009-11-09 00:00,DA18 4HT,T,0,F,3,,ASPEN GREEN,,ERITH,BEXLEY,GREATER LONDON,1703.75197840052,6.0,107.41,65.0,1982,DA18,2009
{8FB33F6D-401C-4544-8EC9-7437CB67F374},105000,2009-11-20 00:00,DA18 4HE,F,0,L,32,,GLIMPSING GREEN,,ERITH,BEXLEY,GREATER LONDON,2270.27027027027,2.0,46.25,59.0,1982,DA18,2009
{F26583A0-ED9B-43EC-8180-584097E9CC8F},150000,2010-01-08 00:00,DA18 4DJ,T,0,F,52,,HOLSTEIN WAY,,ERITH,BEXLEY,GREATER LONDON,1522.84263959391,6.0,98.5,63.0,1975,DA18,2010
{3F0C97BD-69C9-45C6-BA6D-26A0CE44485D},69950,2010-02-08 00:00,DA18 4BD,F,0,L,"DEXTER HOUSE, 3",FLAT 37,KALE ROAD,,ERITH,BEXLEY,GREATER LONDON,1074.50076804916,3.0,65.1,74.0,1966,DA18,2010
{AB39242B-BF58-4ABA-9AF5-E6468E2539A0},64500,2010-02-26 00:00,DA18 4HH,F,0,L,66,,PARKWAY,,ERITH,BEXLEY,GREATER LONDON,1316.32653061224,2.0,49.0,73.0,1982,DA18,2010
{B6F30705-B27B-4354-A72E-DF89AABB1C12},165000,2010-04-23 00:00,DA18 4HY,T,0,F,4,,ASPEN GREEN,,ERITH,BEXLEY,GREATER LONDON,1740.13921113689,4.0,94.82,72.0,1982,DA18,2010
{4C196123-3B09-4467-A50B-8031928E8745},113000,2010-05-25 00:00,DA18 4DB,T,0,F,179,,MANGOLD WAY,,ERITH,BEXLEY,GREATER LONDON,1243.39788732394,6.0,90.88,43.0,1966,DA18,2010
{CCD014F7-9349-4C70-976F-428C4D57FF94},120000,2010-06-18 00:00,DA18 4DH,F,0,F,115,,HOLSTEIN WAY,,ERITH,BEXLEY,GREATER LONDON,1257.86163522013,7.0,95.4,52.0,1966,DA18,2010
{BB582855-56ED-40D6-B61D-F4A39AC593A2},148000,2010-07-12 00:00,DA18 4DZ,T,0,F,26,,ST MARTINS CLOSE,,ERITH,BEXLEY,GREATER LONDON,1395.96302584418,5.0,106.02,75.0,2002,DA18,2010
{1EEAE8DE-81D2-40A1-8A39-C3A62E3A9C6D},177000,2010-08-06 00:00,DA18 4HT,T,0,F,23,,ASPEN GREEN,,ERITH,BEXLEY,GREATER LONDON,1842.21482098251,,96.08,65.0,1982,DA18,2010
{3545DB72-4E5F-4ADF-9704-D3DB5C05DC5D},120000,2010-10-29 00:00,DA18 4BU,T,0,F,59,,REDPOLL WAY,,ERITH,BEXLEY,GREATER LONDON,1277.13920817369,6.0,93.96,40.0,1966,DA18,2010
{850FDADE-473D-4698-B589-3510EBCAD1E2},145000,2010-12-20 00:00,DA18 4DB,T,0,F,93,,MANGOLD WAY,,ERITH,BEXLEY,GREATER LONDON,1268.59142607174,6.0,114.3,60.0,1975,DA18,2010
{E4D36792-3735-4A7F-9978-EAABE6F4AADC},86000,2011-03-07 00:00,DA18 4HG,F,0,L,61,,PARKWAY,,ERITH,BEXLEY,GREATER LONDON,2083.33333333333,2.0,41.28,75.0,1982,DA18,2011
{2A4E1CB6-356A-4BF3-913C-FE648D359B35},100000,2011-04-27 00:00,DA18 4DF,T,0,F,104,,MANGOLD WAY,,ERITH,BEXLEY,GREATER LONDON,1181.75372252423,5.0,84.62,58.0,1966,DA18,2011
{B52CE290-741C-423F-8F97-3259CA54549C},82000,2011-06-08 00:00,DA18 4HA,F,0,L,7,,GLIMPSING GREEN,,ERITH,BEXLEY,GREATER LONDON,1720.15942941053,2.0,47.67,69.0,1982,DA18,2011
{044B63BC-81DC-4211-A774-8982D55D8198},110000,2011-06-10 00:00,DA18 4DQ,T,0,F,57,,HOLSTEIN WAY,,ERITH,BEXLEY,GREATER LONDON,1173.70892018779,4.0,93.72,65.0,1975,DA18,2011
{0DD064DC-C1E9-4D5B-AC6A-0D3EE1FC89BA},90000,2011-06-10 00:00,DA18 4BU,T,0,F,17,,REDPOLL WAY,,ERITH,BEXLEY,GREATER LONDON,639.931740614335,6.0,140.64,46.0,1975,DA18,2011
{2A289E9F-BDB5-CDC8-E050-A8C063054829},30000,2011-06-20 00:00,DA18 4BL,F,0,L,"JACOB HOUSE, 9",FLAT 35,KALE ROAD,,ERITH,BEXLEY,GREATER LONDON,524.109014675052,3.0,57.24,66.0,1966,DA18,2011
{548CCB11-758D-413D-95F4-387624B34673},150000,2011-07-29 00:00,DA18 4HD,T,0,F,118,,GLIMPSING GREEN,,ERITH,BEXLEY,GREATER LONDON,1875.0,5.0,80.0,73.0,1982,DA18,2011
{E4392C39-7CCC-44B7-A21B-3AE84D4D3C25},135000,2011-08-01 00:00,DA18 4DH,T,0,F,105,,HOLSTEIN WAY,,ERITH,BEXLEY,GREATER LONDON,1217.64228375575,6.0,110.87,54.0,1975,DA18,2011
{4E5B819B-FB87-4646-B5A8-A6D259B2F6AC},62500,2011-09-16 00:00,DA18 4HS,F,0,L,29,,LEATHERBOTTLE GREEN,,ERITH,BEXLEY,GREATER LONDON,1316.62102380451,2.0,47.47,73.0,1982,DA18,2011
{7864F083-E9B0-435C-9926-F6C3FC796779},100000,2011-11-25 00:00,DA18 4DA,T,0,F,19,,MANGOLD WAY,,ERITH,BEXLEY,GREATER LONDON,959.324635456639,5.0,104.24,59.0,1975,DA18,2011
{35862A8A-5CE8-498B-9544-9CB96305D7DA},91000,2011-12-01 00:00,DA18 4BU,T,0,F,51,,REDPOLL WAY,,ERITH,BEXLEY,GREATER LONDON,951.882845188285,7.0,95.6,69.0,1975,DA18,2011
{66109F77-9F46-46E7-8AD2-49078107A8FC},123000,2011-12-14 00:00,DA18 4DE,T,0,F,8,,MANGOLD WAY,,ERITH,BEXLEY,GREATER LONDON,884.892086330935,7.0,139.0,65.0,1982,DA18,2011
{FB6990A5-3151-4B8D-92DA-58B1B19C4A4B},65000,2012-01-09 00:00,DA18 4HB,F,0,L,91,,GLIMPSING GREEN,,ERITH,BEXLEY,GREATER LONDON,1345.75569358178,2.0,48.3,75.0,1982,DA18,2012
{DDF49D2B-6E0B-49A3-BA11-A7BAA9091693},150000,2012-03-19 00:00,DA18 4HR,T,0,F,100,,LEATHERBOTTLE GREEN,,ERITH,BEXLEY,GREATER LONDON,1798.56115107914,3.0,83.4,52.0,1982,DA18,2012
{8019D859-79F7-4B2C-8646-C9AD15D6BE52},175000,2012-03-23 00:00,DA18 4DS,T,0,F,29,,ST KATHERINES ROAD,,ERITH,BEXLEY,GREATER LONDON,1281.11273792094,5.0,136.6,72.0,1982,DA18,2012
{AA25BB5E-B402-4027-AFBA-006056F10329},95000,2012-04-05 00:00,DA18 4DE,T,0,F,36,,MANGOLD WAY,,ERITH,BEXLEY,GREATER LONDON,1009.56429330499,4.0,94.1,65.0,1975,DA18,2012
{E94A855D-AF19-4833-9D9B-E54EF03A456E},87000,2012-05-18 00:00,DA18 4BP,F,0,L,18,,MARAN WAY,,ERITH,BEXLEY,GREATER LONDON,925.531914893617,4.0,94.0,61.0,1975,DA18,2012
{A10F966F-DA2B-4CC7-B531-EF74290A488D},171000,2012-06-12 00:00,DA18 4HX,T,0,F,66,,ASPEN GREEN,,ERITH,BEXLEY,GREATER LONDON,2118.43409316155,4.0,80.72,56.0,1982,DA18,2012
{3920BF29-03E4-4951-A387-A803D0FDB524},197000,2012-07-20 00:00,DA18 4DT,T,0,F,13,,ST BRIDES CLOSE,,ERITH,BEXLEY,GREATER LONDON,1261.68822851287,6.0,156.14,74.0,1982,DA18,2012
{231AE823-AC92-4413-8A2A-F64B0ED9FBAF},87000,2012-08-27 00:00,DA18 4HA,F,0,L,33,,GLIMPSING GREEN,,ERITH,BEXLEY,GREATER LONDON,1830.03786285233,2.0,47.54,70.0,1982,DA18,2012
{1EACD762-8D73-4944-8186-2AA126D0D23B},88000,2012-11-16 00:00,DA18 4HE,F,0,L,10,,GLIMPSING GREEN,,ERITH,BEXLEY,GREATER LONDON,1851.46223437829,2.0,47.53,67.0,1975,DA18,2012
{5673EA0E-F280-492C-B080-48AB8CFABEC1},195000,2012-11-23 00:00,DA18 4DX,T,0,F,18,,ST HELENS ROAD,,ERITH,BEXLEY,GREATER LONDON,1625.0,7.0,120.0,58.0,1975,DA18,2012
{B06B060F-CFD6-46CB-8D8E-45D32E9FFA97},115000,2012-11-30 00:00,DA18 4DD,T,0,F,227,,MANGOLD WAY,,ERITH,BEXLEY,GREATER LONDON,1230.34128597411,6.0,93.47,65.0,1975,DA18,2012
{3342F621-9389-4A46-8BC6-9657357102B2},98000,2012-12-14 00:00,DA18 4DQ,T,0,F,59,,HOLSTEIN WAY,,ERITH,BEXLEY,GREATER LONDON,1049.25053533191,5.0,93.4,57.0,1975,DA18,2012
{6DABDA71-FF4E-44A0-9ADA-035EDA0F5C46},145000,2012-12-20 00:00,DA18 4HA,T,0,F,23,,GLIMPSING GREEN,,ERITH,BEXLEY,GREATER LONDON,1812.5,4.0,80.0,62.0,1990,DA18,2012
{EB166E1A-85E4-43CE-BE75-491C77C5472D},79995,2013-03-28 00:00,DA18 4HY,F,0,L,30,,ASPEN GREEN,,ERITH,BEXLEY,GREATER LONDON,1656.21118012422,2.0,48.3,72.0,1990,DA18,2013
{43D7E17A-0437-4FE7-985D-0A79BA646044},72500,2013-04-12 00:00,DA18 4BT,F,0,L,164,,MARAN WAY,,ERITH,BEXLEY,GREATER LONDON,917.721518987342,4.0,79.0,67.0,1975,DA18,2013
{90B36D43-EF19-4658-90C9-2CDF84663335},188500,2013-04-19 00:00,DA18 4DU,T,0,F,15,,ST EDMUNDS CLOSE,,ERITH,BEXLEY,GREATER LONDON,1653.50877192982,6.0,114.0,58.0,1975,DA18,2013
{EC654F44-2ED5-441B-953B-F109DB5328F6},122000,2013-06-12 00:00,DA18 4DH,T,0,F,149,,HOLSTEIN WAY,,ERITH,BEXLEY,GREATER LONDON,1232.32323232323,6.0,99.0,50.0,1975,DA18,2013
{E0F7C9F7-3A51-4844-9F47-4B5276B30FE7},190000,2013-06-14 00:00,DA18 4HB,T,0,F,51,,GLIMPSING GREEN,,ERITH,BEXLEY,GREATER LONDON,1696.42857142857,6.0,112.0,63.0,1982,DA18,2013
{B5C9AA26-E3DB-499E-A15E-E9D12E91CA9A},85000,2013-06-26 00:00,DA18 4HG,F,0,L,15,,PARKWAY,,ERITH,BEXLEY,GREATER LONDON,1785.33921445075,2.0,47.61,63.0,1982,DA18,2013
{E4EC4984-523B-4CAA-9766-D742DAAF8D43},205000,2013-06-26 00:00,DA18 4HS,T,0,F,59,,LEATHERBOTTLE GREEN,,ERITH,BEXLEY,GREATER LONDON,2070.70707070707,7.0,99.0,65.0,1990,DA18,2013
{1FD98D7F-CF4E-4304-A461-1C6D7CBFE274},204000,2013-07-12 00:00,DA18 4HB,T,0,F,75,,GLIMPSING GREEN,,ERITH,BEXLEY,GREATER LONDON,1888.88888888889,5.0,108.0,67.0,1982,DA18,2013
{876D623B-4F7C-424A-8CCB-5493A65A9AAC},115000,2013-07-15 00:00,DA18 4DA,T,0,F,17,,MANGOLD WAY,,ERITH,BEXLEY,GREATER LONDON,1173.4693877551,5.0,98.0,55.0,1975,DA18,2013
{EF31D9BD-CD6C-4C5D-882F-0E8CDE98D083},103000,2013-07-18 00:00,DA18 4DF,T,0,F,168,,MANGOLD WAY,,ERITH,BEXLEY,GREATER LONDON,1287.5,6.0,80.0,64.0,1975,DA18,2013
{A9C6164C-4393-4D86-8E9F-B47D526EC738},115000,2013-07-26 00:00,DA18 4DJ,T,0,F,18,,HOLSTEIN WAY,,ERITH,BEXLEY,GREATER LONDON,1250.0,4.0,92.0,64.0,1975,DA18,2013
{B3AD73B3-302F-41ED-9AA6-112D19A8178C},100000,2013-08-27 00:00,DA18 4HE,F,0,L,4,,GLIMPSING GREEN,,ERITH,BEXLEY,GREATER LONDON,2083.33333333333,2.0,48.0,72.0,1982,DA18,2013
{C8289300-5CC4-44C8-95DA-6FD390F60623},130000,2013-10-04 00:00,DA18 4BY,F,0,L,36,,REDPOLL WAY,,ERITH,BEXLEY,GREATER LONDON,1238.09523809524,6.0,105.0,56.0,1975,DA18,2013
{01809530-9225-4368-A944-BF363BA06370},200000,2013-11-20 00:00,DA18 4DZ,T,0,F,15,,ST MARTINS CLOSE,,ERITH,BEXLEY,GREATER LONDON,1769.91150442478,5.0,113.0,67.0,1975,DA18,2013
{CE52C3F9-0648-4992-8138-7E3D459E6014},200500,2014-03-05 00:00,DA18 4DU,T,0,F,11,,ST EDMUNDS CLOSE,,ERITH,BEXLEY,GREATER LONDON,1699.15254237288,4.0,118.0,56.0,1982,DA18,2014
{A0368BB0-FD8D-4394-9C90-4F0AAA01E150},109000,2014-03-05 00:00,DA18 4BD,F,0,L,"DEXTER HOUSE, 3",FLAT 37,KALE ROAD,,ERITH,BEXLEY,GREATER LONDON,1816.66666666667,3.0,60.0,64.0,1966,DA18,2014
{8B7E83D2-1026-47F4-B41D-84E09E0C3141},143000,2014-04-01 00:00,DA18 4BU,T,0,F,11,,REDPOLL WAY,,ERITH,BEXLEY,GREATER LONDON,1554.34782608696,5.0,92.0,59.0,1975,DA18,2014
{22A84B03-5C2C-4397-B8F8-C6C23222FDC3},132000,2014-04-08 00:00,DA18 4BE,F,0,L,"ARGALI HOUSE, 4",FLAT 21,KALE ROAD,,ERITH,BEXLEY,GREATER LONDON,2114.02946828956,3.0,62.44,72.0,1975,DA18,2014
{24F7C7A6-073C-4D3B-A750-D18ED8512487},149995,2014-04-11 00:00,DA18 4HQ,T,0,L,111,,PARKWAY,,ERITH,BEXLEY,GREATER LONDON,1851.79012345679,4.0,81.0,74.0,1982,DA18,2014
{09FF5256-D5D8-44EF-B9C8-840205B1737B},186000,2014-04-23 00:00,DA18 4BY,T,0,F,2,,REDPOLL WAY,,ERITH,BEXLEY,GREATER LONDON,2214.28571428571,4.0,84.0,49.0,1975,DA18,2014
{5572A16C-5ADA-43CB-8AA0-952584DF7F6B},188000,2014-05-07 00:00,DA18 4HX,T,0,F,68,,ASPEN GREEN,,ERITH,BEXLEY,GREATER LONDON,2350.0,5.0,80.0,64.0,1982,DA18,2014
{91830D24-A687-4DAB-97E5-35EFE2D9FFD4},162500,2014-05-15 00:00,DA18 4DJ,T,0,F,10,,HOLSTEIN WAY,,ERITH,BEXLEY,GREATER LONDON,1658.16326530612,5.0,98.0,69.0,1982,DA18,2014
{4C2E3CC8-F4E6-4376-A39C-76DDFC2EB230},115000,2014-05-16 00:00,DA18 4HB,F,0,L,95,,GLIMPSING GREEN,,ERITH,BEXLEY,GREATER LONDON,2500.0,3.0,46.0,60.0,1982,DA18,2014
{38C95C50-A0EE-4B8C-9177-54E4471BB33A},190000,2014-05-16 00:00,DA18 4HE,T,0,F,26,,GLIMPSING GREEN,,ERITH,BEXLEY,GREATER LONDON,1792.45283018868,4.0,106.0,51.0,1982,DA18,2014
{945E477A-0532-47AC-A8E0-85AE9A9CCD30},115000,2014-05-23 00:00,DA18 4HB,F,0,L,91,,GLIMPSING GREEN,,ERITH,BEXLEY,GREATER LONDON,2500.0,2.0,46.0,59.0,1975,DA18,2014
{F0BDFABF-43D2-478E-A697-5F3679407281},165000,2014-05-28 00:00,DA18 4HQ,T,0,L,73,,PARKWAY,,ERITH,BEXLEY,GREATER LONDON,2085.43983822042,4.0,79.12,63.0,1982,DA18,2014
{D66B9122-6081-4696-8961-2274A9CB2448},170000,2014-06-05 00:00,DA18 4DJ,T,0,F,32,,HOLSTEIN WAY,,ERITH,BEXLEY,GREATER LONDON,1440.67796610169,7.0,118.0,52.0,1975,DA18,2014
{239EC9BF-E45C-4FAF-9D63-6DBEBFDED815},250000,2014-06-18 00:00,DA18 4HD,T,0,F,94,,GLIMPSING GREEN,,ERITH,BEXLEY,GREATER LONDON,2717.39130434783,5.0,92.0,83.0,1975,DA18,2014
{95D33AF6-BDC5-4F6E-8257-29E6CF7598EE},102000,2014-07-25 00:00,DA18 4HW,F,0,L,16,,LIME ROW,,ERITH,BEXLEY,GREATER LONDON,1786.02696550517,2.0,57.11,70.0,1990,DA18,2014
{C0EAAA41-0144-45A6-AE9A-DCD4CA2E1A59},230000,2014-07-25 00:00,DA18 4HT,T,0,F,3,,ASPEN GREEN,,ERITH,BEXLEY,GREATER LONDON,2110.09174311927,5.0,109.0,75.0,1975,DA18,2014
{EE0A6587-DBC4-44C6-B451-064094DEAED3},90000,2014-07-29 00:00,DA18 4BG,F,0,L,"MUSCOVY HOUSE, 5",FLAT 14,KALE ROAD,,ERITH,BEXLEY,GREATER LONDON,2081.40610545791,2.0,43.24,72.0,1975,DA18,2014
{D3EB2317-960B-4456-9E30-A91E48356B92},223000,2014-08-15 00:00,DA18 4DX,T,0,F,9,,ST HELENS ROAD,,ERITH,BEXLEY,GREATER LONDON,1956.14035087719,6.0,114.0,61.0,1975,DA18,2014
{ADE93F4D-2E0E-4C61-A3B5-C6FB94551C32},220000,2014-08-22 00:00,DA18 4HJ,T,0,F,6,,PARKWAY,,ERITH,BEXLEY,GREATER LONDON,2650.60240963855,4.0,83.0,59.0,1975,DA18,2014
{6AE37E32-247F-4A2C-958F-EF2EB387BFE8},231000,2014-09-03 00:00,DA18 4HE,T,0,F,14,,GLIMPSING GREEN,,ERITH,BEXLEY,GREATER LONDON,2510.86956521739,4.0,92.0,60.0,1975,DA18,2014
{866AA6FF-9631-4554-96B4-8630819640E3},225500,2014-09-05 00:00,DA18 4HD,T,0,F,120,,GLIMPSING GREEN,,ERITH,BEXLEY,GREATER LONDON,2854.43037974684,5.0,79.0,74.0,1990,DA18,2014
{F14F95C5-6E5C-4EDD-952B-046107E5281E},215000,2014-09-16 00:00,DA18 4HG,T,0,F,19,,PARKWAY,,ERITH,BEXLEY,GREATER LONDON,2945.20547945205,3.0,73.0,41.0,1982,DA18,2014
{FBC7B7A6-34DD-4B6E-8C86-4ACFC151EB29},120000,2014-10-03 00:00,DA18 4HA,F,0,L,37,,GLIMPSING GREEN,,ERITH,BEXLEY,GREATER LONDON,2553.1914893617,2.0,47.0,67.0,1975,DA18,2014
{02E3BBD0-6A16-4519-8E46-A95AF27CA81A},238500,2014-12-19 00:00,DA18 4HD,T,0,F,110,,GLIMPSING GREEN,,ERITH,BEXLEY,GREATER LONDON,2873.49397590361,4.0,83.0,69.0,1982,DA18,2014
{4941CF66-F500-40FB-93D5-F0B0331BB64E},150000,2014-12-19 00:00,DA18 4BT,F,0,L,135,,MARAN WAY,,ERITH,BEXLEY,GREATER LONDON,1898.73417721519,5.0,79.0,65.0,1975,DA18,2014
{0D1BB022-9E56-493A-8EA0-CCE483264D66},135000,2015-01-14 00:00,DA18 4DE,T,0,F,68,,MANGOLD WAY,,ERITH,BEXLEY,GREATER LONDON,1216.21621621622,5.0,111.0,61.0,1975,DA18,2015
{863F066F-D9AE-4961-9CB0-85741FD64B57},172000,2015-01-16 00:00,DA18 4HJ,T,0,F,44,,PARKWAY,,ERITH,BEXLEY,GREATER LONDON,1810.52631578947,4.0,95.0,68.0,1975,DA18,2015
{3D0684BB-0353-4B98-A21F-35CD1A28390C},188000,2015-02-12 00:00,DA18 4HA,T,0,F,47,,GLIMPSING GREEN,,ERITH,BEXLEY,GREATER LONDON,2186.04651162791,4.0,86.0,59.0,1975,DA18,2015
{86DC15AA-DA8D-4FDB-BDD6-F9BEC342B860},185000,2015-02-23 00:00,DA18 4DE,T,0,F,70,,MANGOLD WAY,,ERITH,BEXLEY,GREATER LONDON,1651.78571428571,6.0,112.0,57.0,1966,DA18,2015
{E23AB472-B055-4CD1-B3E9-7863945799DB},233500,2015-02-27 00:00,DA18 4HT,T,0,F,31,,ASPEN GREEN,,ERITH,BEXLEY,GREATER LONDON,2955.69620253165,5.0,79.0,64.0,1990,DA18,2015
{2754CAE6-022A-44CC-BD33-A342E6244CD2},207500,2015-05-07 00:00,DA18 4HQ,T,0,F,77,,PARKWAY,,ERITH,BEXLEY,GREATER LONDON,2626.58227848101,4.0,79.0,72.0,2002,DA18,2015
{889F61CC-A794-4FEF-A3A6-60996E4DC858},103000,2015-05-11 00:00,DA18 4BG,F,0,L,"MUSCOVY HOUSE, 5",FLAT 14,KALE ROAD,,ERITH,BEXLEY,GREATER LONDON,2382.05365402405,2.0,43.24,72.0,1975,DA18,2015
{26A00F28-734D-4770-833A-9D6708087461},185000,2015-06-11 00:00,DA18 4DD,T,0,F,203,,MANGOLD WAY,,ERITH,BEXLEY,GREATER LONDON,1491.93548387097,7.0,124.0,62.0,1975,DA18,2015
{80F86E93-DE9E-4AA7-A2D6-B9ABDDF4CF16},175000,2015-07-31 00:00,DA18 4HQ,F,0,L,71,,PARKWAY,,ERITH,BEXLEY,GREATER LONDON,2187.5,3.0,80.0,71.0,1982,DA18,2015
{8B416E07-B891-487E-9216-B66405ED7437},135000,2015-07-31 00:00,DA18 4HB,F,0,L,81,,GLIMPSING GREEN,,ERITH,BEXLEY,GREATER LONDON,2812.5,2.0,48.0,71.0,1982,DA18,2015
{A33D8AFF-D93C-4000-8B28-308EDDD74B7F},280000,2015-08-20 00:00,DA18 4HR,T,0,F,148,,LEATHERBOTTLE GREEN,,ERITH,BEXLEY,GREATER LONDON,2616.82242990654,6.0,107.0,68.0,1982,DA18,2015
{0BC54A51-2AF5-4268-86CE-B1A0E4C74D3F},295000,2015-09-11 00:00,DA18 4HG,T,0,F,33,,PARKWAY,,ERITH,BEXLEY,GREATER LONDON,2731.48148148148,6.0,108.0,62.0,1982,DA18,2015
{288DCE29-9E59-E510-E050-A8C06205480E},280000,2015-12-18 00:00,DA18 4DZ,T,0,L,33,,ST MARTINS CLOSE,,ERITH,BEXLEY,GREATER LONDON,2372.8813559322,7.0,118.0,50.0,1982,DA18,2015
{2FD36065-F753-4BF8-E050-A8C0620562B1},175000,2016-02-12 00:00,DA18 4HQ,F,0,L,143,,PARKWAY,,ERITH,BEXLEY,GREATER LONDON,3804.34782608696,2.0,46.0,69.0,1982,DA18,2016
{3914047A-1B72-3206-E050-A8C063057647},350000,2016-03-31 00:00,DA18 4DS,T,0,F,20,,ST KATHERINES ROAD,,ERITH,BEXLEY,GREATER LONDON,2941.17647058824,6.0,119.0,69.0,1966,DA18,2016
{31FB4C17-DE2E-57B9-E050-A8C063053436},285000,2016-04-15 00:00,DA18 4DS,T,0,F,30,,ST KATHERINES ROAD,,ERITH,BEXLEY,GREATER LONDON,2298.38709677419,6.0,124.0,69.0,1982,DA18,2016
{34428D7E-6FE0-B86C-E050-A8C06205059C},191000,2016-05-03 00:00,DA18 4DL,T,0,F,68,,HOLSTEIN WAY,,ERITH,BEXLEY,GREATER LONDON,1186.33540372671,6.0,161.0,66.0,1975,DA18,2016
{369DFB16-2242-3A19-E050-A8C0620518C6},168500,2016-05-04 00:00,DA18 4HE,F,0,L,34,,GLIMPSING GREEN,,ERITH,BEXLEY,GREATER LONDON,3565.38298772747,2.0,47.26,73.0,1982,DA18,2016
{3E0330F0-4480-8D89-E050-A8C062052140},142000,2016-06-08 00:00,DA18 4BT,F,0,L,168,,MARAN WAY,,ERITH,BEXLEY,GREATER LONDON,3837.83783783784,3.0,37.0,78.0,1982,DA18,2016
{3914047A-1884-3206-E050-A8C063057647},250000,2016-07-15 00:00,DA18 4HD,T,0,F,90,,GLIMPSING GREEN,,ERITH,BEXLEY,GREATER LONDON,3521.12676056338,4.0,71.0,71.0,1975,DA18,2016
{3E0330F0-420B-8D89-E050-A8C062052140},270000,2016-09-01 00:00,DA18 4DU,T,0,F,6,,ST EDMUNDS CLOSE,,ERITH,BEXLEY,GREATER LONDON,2160.0,5.0,125.0,64.0,1982,DA18,2016
{404A5AF3-EE85-CD2B-E050-A8C063055C7B},300000,2016-09-16 00:00,DA18 4HT,S,0,F,27,,ASPEN GREEN,,ERITH,BEXLEY,GREATER LONDON,3030.30303030303,4.0,99.0,67.0,1975,DA18,2016
{404A5AF3-EDB8-CD2B-E050-A8C063055C7B},227000,2016-09-20 00:00,DA18 4DJ,T,0,F,26,,HOLSTEIN WAY,,ERITH,BEXLEY,GREATER LONDON,2364.58333333333,4.0,96.0,60.0,1975,DA18,2016
{453D27A3-748A-EF91-E050-A8C0630574D7},325000,2016-12-05 00:00,DA18 4HR,T,0,F,110,,LEATHERBOTTLE GREEN,,ERITH,BEXLEY,GREATER LONDON,2981.65137614679,5.0,109.0,70.0,1982,DA18,2016
{47844C80-3D07-8986-E050-A8C063056488},293000,2017-01-20 00:00,DA18 4HD,T,0,F,86,,GLIMPSING GREEN,,ERITH,BEXLEY,GREATER LONDON,3084.21052631579,5.0,95.0,53.0,1982,DA18,2017
{4E95D757-C532-EDA1-E050-A8C0630539E2},165000,2017-03-17 00:00,DA18 4HP,F,0,L,90,,LEATHERBOTTLE GREEN,,ERITH,BEXLEY,GREATER LONDON,3437.5,2.0,48.0,67.0,1982,DA18,2017
{50F18103-73C0-9FD5-E050-A8C063054923},340000,2017-04-12 00:00,DA18 4DS,T,0,F,29,,ST KATHERINES ROAD,,ERITH,BEXLEY,GREATER LONDON,2489.01903367496,5.0,136.6,72.0,1982,DA18,2017
{61D8894E-427D-3DE6-E053-6C04A8C01207},260000,2017-05-25 00:00,DA18 4DS,T,0,L,11,,ST KATHERINES ROAD,,ERITH,BEXLEY,GREATER LONDON,1991.72667381645,5.0,130.54,59.0,1982,DA18,2017
{55BDCAE6-69AA-521D-E053-6B04A8C0DD7A},175000,2017-06-16 00:00,DA18 4HP,F,0,L,54,,LEATHERBOTTLE GREEN,,ERITH,BEXLEY,GREATER LONDON,3664.92146596859,2.0,47.75,77.0,1990,DA18,2017
{55BDCAE6-6859-521D-E053-6B04A8C0DD7A},230000,2017-06-26 00:00,DA18 4DJ,T,0,F,38,,HOLSTEIN WAY,,ERITH,BEXLEY,GREATER LONDON,1840.0,6.0,125.0,68.0,1982,DA18,2017
{582D0637-73ED-8F22-E053-6C04A8C01BAC},200000,2017-07-20 00:00,DA18 4HP,F,0,L,8,,LEATHERBOTTLE GREEN,,ERITH,BEXLEY,GREATER LONDON,4255.31914893617,2.0,47.0,68.0,1982,DA18,2017
{5CF9903C-659E-7F13-E053-6C04A8C074B1},335000,2017-09-15 00:00,DA18 4HD,T,0,F,92,,GLIMPSING GREEN,,ERITH,BEXLEY,GREATER LONDON,4240.50632911392,4.0,79.0,73.0,1982,DA18,2017
{64342BFE-BFAE-422C-E053-6C04A8C0FB8A},220000,2017-12-15 00:00,DA18 4DQ,T,0,F,53,,HOLSTEIN WAY,,ERITH,BEXLEY,GREATER LONDON,2682.92682926829,5.0,82.0,49.0,1975,DA18,2017
{64342BFE-BF39-422C-E053-6C04A8C0FB8A},175000,2017-12-15 00:00,DA18 4HE,F,0,L,2,,GLIMPSING GREEN,,ERITH,BEXLEY,GREATER LONDON,3804.34782608696,2.0,46.0,67.0,1982,DA18,2017
{64342BFE-BF73-422C-E053-6C04A8C0FB8A},350000,2018-01-12 00:00,DA18 4HN,T,0,F,31,,NORTHWOOD PLACE,,ERITH,BEXLEY,GREATER LONDON,3181.81818181818,5.0,110.0,56.0,1982,DA18,2018
{666758D7-3AC7-3363-E053-6B04A8C0D74E},310000,2018-01-19 00:00,DA18 4HT,T,0,F,31,,ASPEN GREEN,,ERITH,BEXLEY,GREATER LONDON,3924.05063291139,5.0,79.0,64.0,1990,DA18,2018
{726BF13B-3540-0A46-E053-6C04A8C01D0D},350000,2018-06-04 00:00,DA18 4HT,T,0,F,1,,ASPEN GREEN,,ERITH,BEXLEY,GREATER LONDON,3645.83333333333,6.0,96.0,61.0,1990,DA18,2018
{726BF13B-359F-0A46-E053-6C04A8C01D0D},175000,2018-06-14 00:00,DA18 4HG,F,0,L,59,,PARKWAY,,ERITH,BEXLEY,GREATER LONDON,3645.83333333333,3.0,48.0,73.0,1990,DA18,2018
{75050A85-968E-9A88-E053-6B04A8C02390},340000,2018-08-03 00:00,DA18 4DZ,T,0,F,20,,ST MARTINS CLOSE,,ERITH,BEXLEY,GREATER LONDON,3148.14814814815,6.0,108.0,62.0,1975,DA18,2018
{79A74E22-0F3F-1289-E053-6B04A8C01627},336000,2018-10-12 00:00,DA18 4HU,T,0,F,59,,ASPEN GREEN,,ERITH,BEXLEY,GREATER LONDON,3393.93939393939,5.0,99.0,64.0,1982,DA18,2018
{8CAC1318-A0F2-0253-E053-6B04A8C08E51},280000,2019-05-24 00:00,DA18 4HJ,T,0,F,4,,PARKWAY,,ERITH,BEXLEY,GREATER LONDON,3589.74358974359,4.0,78.0,72.0,1982,DA18,2019
{8CAC1318-9FDA-0253-E053-6B04A8C08E51},340000,2019-05-31 00:00,DA18 4HD,T,0,F,98,,GLIMPSING GREEN,,ERITH,BEXLEY,GREATER LONDON,3617.02127659574,5.0,94.0,72.0,1982,DA18,2019
{8F1B26BE-1D3B-53DB-E053-6C04A8C03649},306000,2019-07-05 00:00,DA18 4HE,T,0,F,24,,GLIMPSING GREEN,,ERITH,BEXLEY,GREATER LONDON,2637.93103448276,6.0,116.0,70.0,1975,DA18,2019
{919FEC05-AF2F-9A90-E053-6C04A8C0A300},350000,2019-07-17 00:00,DA18 4HS,T,0,F,23,,LEATHERBOTTLE GREEN,,ERITH,BEXLEY,GREATER LONDON,2966.10169491525,7.0,118.0,62.0,1982,DA18,2019
{919FEC05-ACF6-9A90-E053-6C04A8C0A300},195000,2019-07-29 00:00,DA18 4HA,F,0,L,37,,GLIMPSING GREEN,,ERITH,BEXLEY,GREATER LONDON,4148.93617021277,2.0,47.0,67.0,1975,DA18,2019
{919FEC05-ACA1-9A90-E053-6C04A8C0A300},336000,2019-07-31 00:00,DA18 4DU,T,0,F,15,,ST EDMUNDS CLOSE,,ERITH,BEXLEY,GREATER LONDON,2776.85950413223,6.0,121.0,76.0,1975,DA18,2019
{919FEC05-AD67-9A90-E053-6C04A8C0A300},392500,2019-08-02 00:00,DA18 4HN,T,0,F,30,,NORTHWOOD PLACE,,ERITH,BEXLEY,GREATER LONDON,3600.91743119266,6.0,109.0,77.0,1990,DA18,2019
{919FEC05-AC99-9A90-E053-6C04A8C0A300},352000,2019-08-12 00:00,DA18 4DS,T,0,F,27,,ST KATHERINES ROAD,,ERITH,BEXLEY,GREATER LONDON,3060.86956521739,5.0,115.0,67.0,1975,DA18,2019
{93E6821E-BD68-40FD-E053-6B04A8C0C1DF},300000,2019-09-16 00:00,DA18 4HJ,T,0,F,52,,PARKWAY,,ERITH,BEXLEY,GREATER LONDON,3750.0,4.0,80.0,71.0,1966,DA18,2019
{965B6D91-D253-95E4-E053-6C04A8C07729},215000,2019-09-27 00:00,DA18 4BX,T,0,F,85,,REDPOLL WAY,,ERITH,BEXLEY,GREATER LONDON,2388.88888888889,5.0,90.0,50.0,1975,DA18,2019
{9B361206-A3C6-1904-E053-6B04A8C0EEB5},245000,2019-11-21 00:00,DA18 4HE,T,0,L,30,,GLIMPSING GREEN,,ERITH,BEXLEY,GREATER LONDON,3101.26582278481,4.0,79.0,67.0,1982,DA18,2019
{9DBAD222-296E-6EB3-E053-6B04A8C0F257},200000,2019-11-29 00:00,DA18 4DX,T,0,F,2,,ST HELENS ROAD,,ERITH,BEXLEY,GREATER LONDON,1709.40170940171,6.0,117.0,71.0,1975,DA18,2019
{9DBAD222-28A6-6EB3-E053-6B04A8C0F257},388000,2019-12-18 00:00,DA18 4DT,T,0,F,15,,ST BRIDES CLOSE,,ERITH,BEXLEY,GREATER LONDON,2874.07407407407,6.0,135.0,67.0,1975,DA18,2019
{9FF0D96A-1A25-11ED-E053-6C04A8C06383},249000,2020-01-02 00:00,DA18 4HG,F,0,L,29,,PARKWAY,,ERITH,BEXLEY,GREATER LONDON,2895.3488372093,3.0,86.0,64.0,1975,DA18,2020
{A2479555-8DEC-74C7-E053-6B04A8C0887D},225000,2020-02-21 00:00,DA18 4DL,T,0,F,86,,HOLSTEIN WAY,,ERITH,BEXLEY,GREATER LONDON,2393.6170212766,6.0,94.0,61.0,1975,DA18,2020
{A71375FD-E0E3-7576-E053-6C04A8C0462F},300000,2020-03-04 00:00,DA18 4HD,T,0,F,126,,GLIMPSING GREEN,,ERITH,BEXLEY,GREATER LONDON,3571.42857142857,5.0,84.0,75.0,1982,DA18,2020
{A96E4ACC-7B1A-9205-E053-6C04A8C0DA09},325000,2020-03-26 00:00,DA18 4DZ,F,0,L,27,,ST MARTINS CLOSE,,ERITH,BEXLEY,GREATER LONDON,3125.0,6.0,104.0,66.0,1966,DA18,2020
{AC07BBD0-62A4-0445-E053-6C04A8C01E31},308000,2020-04-24 00:00,DA18 4DZ,T,0,F,12,,ST MARTINS CLOSE,,ERITH,BEXLEY,GREATER LONDON,3581.39534883721,5.0,86.0,60.0,1975,DA18,2020
{AC07BBD0-63FE-0445-E053-6C04A8C01E31},230000,2020-05-22 00:00,DA18 4DQ,T,0,F,47,,HOLSTEIN WAY,,ERITH,BEXLEY,GREATER LONDON,2738.09523809524,6.0,84.0,58.0,1975,DA18,2020
{AC07BBD0-63E4-0445-E053-6C04A8C01E31},345000,2020-06-22 00:00,DA18 4HS,T,0,F,43,,LEATHERBOTTLE GREEN,,ERITH,BEXLEY,GREATER LONDON,3965.51724137931,5.0,87.0,43.0,1982,DA18,2020
{B0A9D11B-BA9D-4C1F-E053-6C04A8C0D716},320000,2020-07-09 00:00,DA18 4HN,T,0,F,17,,NORTHWOOD PLACE,,ERITH,BEXLEY,GREATER LONDON,2882.88288288288,5.0,111.0,63.0,1966,DA18,2020
{B5755FFE-5289-7D01-E053-6C04A8C036B6},370000,2020-09-02 00:00,DA18 4DS,T,0,F,14,,ST KATHERINES ROAD,,ERITH,BEXLEY,GREATER LONDON,3032.7868852459,6.0,122.0,70.0,1975,DA18,2020
{BEF7EBBF-3D66-7A76-E053-6B04A8C092F7},150000,2020-12-18 00:00,DA18 4HA,F,0,L,11,,GLIMPSING GREEN,,ERITH,BEXLEY,GREATER LONDON,2631.57894736842,2.0,57.0,67.0,1982,DA18,2020
{BC8936BB-E7A7-0E2C-E053-6C04A8C0DBF4},195000,2020-12-22 00:00,DA18 4DE,T,0,F,36,,MANGOLD WAY,,ERITH,BEXLEY,GREATER LONDON,2072.26354941552,4.0,94.1,65.0,1975,DA18,2020
{BEF7EBBF-3EEB-7A76-E053-6B04A8C092F7},350000,2021-01-27 00:00,DA18 4DU,T,0,F,24,,ST EDMUNDS CLOSE,,ERITH,BEXLEY,GREATER LONDON,3043.47826086957,6.0,115.0,61.0,1975,DA18,2021
{D22473F5-EE69-7B40-E053-6C04A8C0A630},193000,2021-02-05 00:00,DA18 4HS,F,0,L,13,,LEATHERBOTTLE GREEN,,ERITH,BEXLEY,GREATER LONDON,2325.30120481928,4.0,83.0,63.0,1982,DA18,2021
{C18F412B-400A-81A6-E053-6B04A8C0AD18},325000,2021-03-03 00:00,DA18 4HU,T,0,F,61,,ASPEN GREEN,,ERITH,BEXLEY,GREATER LONDON,2850.87719298246,6.0,114.0,71.0,1975,DA18,2021
{C8A3A576-8E49-0425-E053-6C04A8C0947B},340000,2021-03-17 00:00,DA18 4HQ,T,0,F,149,,PARKWAY,,ERITH,BEXLEY,GREATER LONDON,3119.26605504587,6.0,109.0,67.0,1982,DA18,2021
{CFC9085C-FA86-9A70-E053-6B04A8C09D6A},350000,2021-03-18 00:00,DA18 4DT,T,0,F,14,,ST BRIDES CLOSE,,ERITH,BEXLEY,GREATER LONDON,2671.75572519084,6.0,131.0,71.0,1975,DA18,2021
{D22473F5-EEE3-7B40-E053-6C04A8C0A630},189995,2021-06-28 00:00,DA18 4HQ,F,0,L,143,,PARKWAY,,ERITH,BEXLEY,GREATER LONDON,4130.32608695652,2.0,46.0,69.0,1982,DA18,2021
{D93B27B1-452B-3100-E053-6C04A8C08887},235000,2021-09-10 00:00,DA18 4DQ,T,0,F,43,,HOLSTEIN WAY,,ERITH,BEXLEY,GREATER LONDON,2281.55339805825,7.0,103.0,50.0,1975,DA18,2021
{DE2D0CE0-1972-51EE-E053-6C04A8C00671},311000,2021-10-22 00:00,DA18 4HA,T,0,F,25,,GLIMPSING GREEN,,ERITH,BEXLEY,GREATER LONDON,3839.50617283951,4.0,81.0,67.0,1982,DA18,2021
