ID,Price,Date,Postcode,Type,Newbuild,Ownership,Street Number,Flat Number,Street Name,Area,Town,City,County,priceper,year,dateoftransfer,propertytype,duration,price,postcode,lad21cd,transactionid,id,tfarea,numberrooms,classt,CURRENT_ENERGY_EFFICIENCY,POTENTIAL_ENERGY_EFFICIENCY,CONSTRUCTION_AGE_BAND,PricePer,NumOfRms,HouseSize,EnergyEfficiency,BuildDate,Postcode Prefix,Year
{5D3036CA-2A3C-42FA-B29A-A0DDE9E3A20C},106500,1995-03-31 00:00,KT8 9DA,F,N,L,BAY LODGE,FLAT 3,HAMPTON COURT ROAD,EAST MOLESEY,EAST MOLESEY,RICHMOND UPON THAMES,GREATER LONDON,1170.32967032967,1995.0,1995-03-31,F,L,106500.0,KT8 9DA,E09000027,{5D3036CA-2A3C-42FA-B29A-A0DDE9E3A20C},21111243.0,91.0,3.0,11.0,54.0,57.0,England and Wales: before 1900,1170.32967032967,3.0,91.0,54.0,England and Wales: before 1900,KT8,1995
{4F844D42-796F-4F98-A3A7-DFCA5D82115D},280000,1995-07-03 00:00,KT8 9DD,T,Y,F,SWAN HOUSE,,HAMPTON COURT ROAD,EAST MOLESEY,EAST MOLESEY,RICHMOND UPON THAMES,GREATER LONDON,1794.87179487179,1995.0,1995-07-03,T,F,280000.0,KT8 9DD,E09000027,{4F844D42-796F-4F98-A3A7-DFCA5D82115D},21140733.0,156.0,6.0,11.0,59.0,78.0,England and Wales: 1983-1990,1794.87179487179,6.0,156.0,59.0,England and Wales: 1983-1990,KT8,1995
{91072AC7-8A1A-41DA-B0EF-5B2C35DAF5A4},94250,1995-10-13 00:00,KT8 9BP,F,N,L,BRUNSTAN COURT,2,HAMPTON COURT ROAD,EAST MOLESEY,EAST MOLESEY,RICHMOND UPON THAMES,GREATER LONDON,1122.02380952381,1995.0,1995-10-13,F,L,94250.0,KT8 9BP,E09000027,{91072AC7-8A1A-41DA-B0EF-5B2C35DAF5A4},21110374.0,84.0,4.0,11.0,51.0,71.0,England and Wales: 1930-1949,1122.02380952381,4.0,84.0,51.0,England and Wales: 1930-1949,KT8,1995
{B64BBF1E-0E14-43DA-ACF3-D3D288A3FD2A},480000,1996-02-16 00:00,KT8 9BW,D,N,F,THE GREEN,,HAMPTON COURT ROAD,EAST MOLESEY,EAST MOLESEY,RICHMOND UPON THAMES,GREATER LONDON,916.030534351145,1996.0,1996-02-16,D,F,480000.0,KT8 9BW,E09000027,{B64BBF1E-0E14-43DA-ACF3-D3D288A3FD2A},21175395.0,524.0,12.0,11.0,62.0,79.0,England and Wales: before 1900,916.030534351145,12.0,524.0,62.0,England and Wales: before 1900,KT8,1996
{CBA7C1C2-E4B2-4933-A0F7-A060800D4185},205000,1996-06-28 00:00,KT8 9BZ,D,N,F,TUDOR HOUSE,,HAMPTON COURT ROAD,EAST MOLESEY,EAST MOLESEY,RICHMOND UPON THAMES,GREATER LONDON,1848.8455988456,1996.0,1996-06-28,D,F,205000.0,KT8 9BZ,E09000027,{CBA7C1C2-E4B2-4933-A0F7-A060800D4185},21150898.0,110.88,5.0,12.0,49.0,65.0,England and Wales: before 1900,1848.8455988456,5.0,110.88,49.0,England and Wales: before 1900,KT8,1996
{676CFADF-6477-456F-ACE0-74644F8811D7},135000,1996-08-16 00:00,KT8 9BP,S,N,L,RIVERHOLME,FLAT 12,HAMPTON COURT ROAD,EAST MOLESEY,EAST MOLESEY,RICHMOND UPON THAMES,GREATER LONDON,1616.37931034483,1996.0,1996-08-16,S,L,135000.0,KT8 9BP,E09000027,{676CFADF-6477-456F-ACE0-74644F8811D7},21152326.0,83.52,3.0,11.0,59.0,67.0,England and Wales: 1976-1982,1616.37931034483,3.0,83.52,59.0,England and Wales: 1976-1982,KT8,1996
{3F353EFC-8B90-47FC-81FD-41F79C0CD51C},800000,1996-09-20 00:00,KT8 9BP,D,N,F,HAMPTON LODGE,,HAMPTON COURT ROAD,EAST MOLESEY,EAST MOLESEY,RICHMOND UPON THAMES,GREATER LONDON,1800.26103785049,1996.0,1996-09-20,D,F,800000.0,KT8 9BP,E09000027,{3F353EFC-8B90-47FC-81FD-41F79C0CD51C},21105090.0,444.38,13.0,11.0,46.0,47.0,England and Wales: before 1900,1800.26103785049,13.0,444.38,46.0,England and Wales: before 1900,KT8,1996
{A1863732-0523-4854-9EA4-4FD8AB61BDD4},110000,1996-11-11 00:00,KT8 9BX,T,N,F,PARKSIDE,1,HAMPTON COURT ROAD,EAST MOLESEY,EAST MOLESEY,RICHMOND UPON THAMES,GREATER LONDON,932.203389830509,1996.0,1996-11-11,T,F,110000.0,KT8 9BX,E09000027,{A1863732-0523-4854-9EA4-4FD8AB61BDD4},21117116.0,118.0,5.0,11.0,65.0,82.0,England and Wales: before 1900,932.203389830509,5.0,118.0,65.0,England and Wales: before 1900,KT8,1996
{929A297E-9696-4032-BB88-A062F04807FC},795000,1996-11-13 00:00,KT8 9BP,D,N,F,KARNO HOUSE,,HAMPTON COURT ROAD,EAST MOLESEY,EAST MOLESEY,RICHMOND UPON THAMES,GREATER LONDON,1642.56198347107,1996.0,1996-11-13,D,F,795000.0,KT8 9BP,E09000027,{929A297E-9696-4032-BB88-A062F04807FC},21134217.0,484.0,9.0,11.0,72.0,74.0,England and Wales: 1996-2002,1642.56198347107,9.0,484.0,72.0,England and Wales: 1996-2002,KT8,1996
{12BFBCA5-DB41-4719-A7FE-DFEA84B1FC11},242500,1996-11-27 00:00,KT8 9DA,D,N,F,PARK HOUSE,THE COACH HOUSE,HAMPTON COURT ROAD,EAST MOLESEY,EAST MOLESEY,RICHMOND UPON THAMES,GREATER LONDON,581.534772182254,1996.0,1996-11-27,D,F,242500.0,KT8 9DA,E09000027,{12BFBCA5-DB41-4719-A7FE-DFEA84B1FC11},21123720.0,417.0,12.0,11.0,48.0,73.0,England and Wales: before 1900,581.534772182254,12.0,417.0,48.0,England and Wales: before 1900,KT8,1996
{0019B562-7422-478A-A615-3AE7FF6DEDD2},127000,1996-12-13 00:00,KT8 9DA,F,N,L,VINE HOUSE,2,HAMPTON COURT ROAD,EAST MOLESEY,EAST MOLESEY,RICHMOND UPON THAMES,GREATER LONDON,1454.08747423861,1996.0,1996-12-13,F,L,127000.0,KT8 9DA,E09000027,{0019B562-7422-478A-A615-3AE7FF6DEDD2},21129812.0,87.34,3.0,11.0,57.0,62.0,England and Wales: before 1900,1454.08747423861,3.0,87.34,57.0,England and Wales: before 1900,KT8,1996
{3672C747-F139-4708-80B0-A4BC8557F9F5},500000,1997-02-14 00:00,KT8 9BP,D,N,L,WEIR COTTAGE,,HAMPTON COURT ROAD,EAST MOLESEY,EAST MOLESEY,RICHMOND UPON THAMES,GREATER LONDON,1396.64804469274,1997.0,1997-02-14,D,L,500000.0,KT8 9BP,E09000027,{3672C747-F139-4708-80B0-A4BC8557F9F5},21161751.0,358.0,9.0,11.0,54.0,73.0,England and Wales: 1900-1929,1396.64804469274,9.0,358.0,54.0,England and Wales: 1900-1929,KT8,1997
{18933EC7-FA94-4E99-A597-BD8E5CCD8E87},500000,1997-02-14 00:00,KT8 9BP,D,N,F,WEIR COTTAGE,,HAMPTON COURT ROAD,EAST MOLESEY,EAST MOLESEY,RICHMOND UPON THAMES,GREATER LONDON,1396.64804469274,1997.0,1997-02-14,D,F,500000.0,KT8 9BP,E09000027,{18933EC7-FA94-4E99-A597-BD8E5CCD8E87},21161751.0,358.0,9.0,11.0,54.0,73.0,England and Wales: 1900-1929,1396.64804469274,9.0,358.0,54.0,England and Wales: 1900-1929,KT8,1997
{44E5C214-46AE-423A-9C55-2F1D5B72322A},655000,1997-05-21 00:00,KT8 9BS,D,N,F,THE WHITE HOUSE,,HAMPTON COURT ROAD,EAST MOLESEY,EAST MOLESEY,RICHMOND UPON THAMES,GREATER LONDON,2347.67025089606,1997.0,1997-05-21,D,F,655000.0,KT8 9BS,E09000027,{44E5C214-46AE-423A-9C55-2F1D5B72322A},21134318.0,279.0,4.0,11.0,53.0,70.0,England and Wales: before 1900,2347.67025089606,4.0,279.0,53.0,England and Wales: before 1900,KT8,1997
{B39CA422-A804-462C-9EE3-07EE15DDDFAE},109950,1997-07-30 00:00,KT8 9BP,F,N,L,RIVERHOLME,FLAT 14,HAMPTON COURT ROAD,EAST MOLESEY,EAST MOLESEY,RICHMOND UPON THAMES,GREATER LONDON,1585.20761245675,1997.0,1997-07-30,F,L,109950.0,KT8 9BP,E09000027,{B39CA422-A804-462C-9EE3-07EE15DDDFAE},21158573.0,69.36,3.0,11.0,62.0,70.0,England and Wales: 1967-1975,1585.20761245675,3.0,69.36,62.0,England and Wales: 1967-1975,KT8,1997
{2FD36065-F622-4BF8-E050-A8C0620562B1},445000,1997-07-31 00:00,KT8 9BW,T,N,F,PAPER HOUSE,,HAMPTON COURT ROAD,,EAST MOLESEY,RICHMOND UPON THAMES,GREATER LONDON,2181.37254901961,1997.0,1997-07-31,T,F,445000.0,KT8 9BW,E09000027,{2FD36065-F622-4BF8-E050-A8C0620562B1},21173063.0,204.0,7.0,11.0,52.0,83.0,England and Wales: before 1900,2181.37254901961,7.0,204.0,52.0,England and Wales: before 1900,KT8,1997
{6E7B2A0A-5036-4502-BBDE-80E5FD473DC0},482000,1997-08-31 00:00,KT8 9BW,T,N,F,FARADAY HOUSE,,HAMPTON COURT ROAD,EAST MOLESEY,EAST MOLESEY,RICHMOND UPON THAMES,GREATER LONDON,1815.44256120527,1997.0,1997-08-31,T,F,482000.0,KT8 9BW,E09000027,{6E7B2A0A-5036-4502-BBDE-80E5FD473DC0},21150940.0,265.5,9.0,12.0,40.0,55.0,England and Wales: before 1900,1815.44256120527,9.0,265.5,40.0,England and Wales: before 1900,KT8,1997
{2A289E9E-5434-CDC8-E050-A8C063054829},130000,1997-10-24 00:00,KT8 9DD,T,N,F,1A,,LION GATE,,EAST MOLESEY,RICHMOND UPON THAMES,GREATER LONDON,2131.14754098361,1997.0,1997-10-24,T,F,130000.0,KT8 9DD,E09000027,{2A289E9E-5434-CDC8-E050-A8C063054829},21138167.0,61.0,3.0,11.0,51.0,74.0,England and Wales: 1900-1929,2131.14754098361,3.0,61.0,51.0,England and Wales: 1900-1929,KT8,1997
{7E7A4E24-9662-4C59-94E3-65F9F6D873E3},280000,1997-10-24 00:00,KT8 9DD,T,N,F,SWAN HOUSE,,HAMPTON COURT ROAD,EAST MOLESEY,EAST MOLESEY,RICHMOND UPON THAMES,GREATER LONDON,1794.87179487179,1997.0,1997-10-24,T,F,280000.0,KT8 9DD,E09000027,{7E7A4E24-9662-4C59-94E3-65F9F6D873E3},21140733.0,156.0,6.0,11.0,59.0,78.0,England and Wales: 1983-1990,1794.87179487179,6.0,156.0,59.0,England and Wales: 1983-1990,KT8,1997
{DE895768-D597-4434-A98D-9EEAB5FBDF73},95000,1998-02-12 00:00,KT8 9BY,F,N,F,OLDWAYS,,HAMPTON COURT ROAD,EAST MOLESEY,EAST MOLESEY,RICHMOND UPON THAMES,GREATER LONDON,1083.36184285551,1998.0,1998-02-12,F,F,95000.0,KT8 9BY,E09000027,{DE895768-D597-4434-A98D-9EEAB5FBDF73},21113433.0,87.69,5.0,11.0,37.0,56.0,England and Wales: before 1900,1083.36184285551,5.0,87.69,37.0,England and Wales: before 1900,KT8,1998
{0EBE5183-4760-4C8E-829D-7FA9F6745D4A},155000,1998-04-17 00:00,KT8 9DA,F,N,L,VINE HOUSE,2,HAMPTON COURT ROAD,EAST MOLESEY,EAST MOLESEY,RICHMOND UPON THAMES,GREATER LONDON,1774.67368903137,1998.0,1998-04-17,F,L,155000.0,KT8 9DA,E09000027,{0EBE5183-4760-4C8E-829D-7FA9F6745D4A},21129812.0,87.34,3.0,11.0,57.0,62.0,England and Wales: before 1900,1774.67368903137,3.0,87.34,57.0,England and Wales: before 1900,KT8,1998
{9C3457E0-3D62-48FA-A8CB-2E7A4F74627C},165000,1998-06-15 00:00,KT8 9BP,F,N,L,RIVERHOLME,FLAT 2,HAMPTON COURT ROAD,EAST MOLESEY,EAST MOLESEY,RICHMOND UPON THAMES,GREATER LONDON,2305.43523822831,1998.0,1998-06-15,F,L,165000.0,KT8 9BP,E09000027,{9C3457E0-3D62-48FA-A8CB-2E7A4F74627C},21141373.0,71.57,3.0,11.0,73.0,77.0,England and Wales: 1983-1990,2305.43523822831,3.0,71.57,73.0,England and Wales: 1983-1990,KT8,1998
{3F52BC26-BD6E-48B8-92C1-413DD4ADE973},275000,1998-09-24 00:00,KT8 9BZ,D,N,F,TUDOR HOUSE,,HAMPTON COURT ROAD,EAST MOLESEY,EAST MOLESEY,RICHMOND UPON THAMES,GREATER LONDON,2480.15873015873,1998.0,1998-09-24,D,F,275000.0,KT8 9BZ,E09000027,{3F52BC26-BD6E-48B8-92C1-413DD4ADE973},21150898.0,110.88,5.0,12.0,49.0,65.0,England and Wales: before 1900,2480.15873015873,5.0,110.88,49.0,England and Wales: before 1900,KT8,1998
{AEB3CE83-E893-45F7-8BD3-FC027411FA5F},60000,1999-07-22 00:00,KT8 9DD,F,N,L,1A,,LION GATE,,EAST MOLESEY,RICHMOND UPON THAMES,GREATER LONDON,983.606557377049,1999.0,1999-07-22,F,L,60000.0,KT8 9DD,E09000027,{AEB3CE83-E893-45F7-8BD3-FC027411FA5F},21138167.0,61.0,3.0,11.0,51.0,74.0,England and Wales: 1900-1929,983.606557377049,3.0,61.0,51.0,England and Wales: 1900-1929,KT8,1999
{5E586707-B73F-41B8-BDF9-1343BE361DBB},146000,1999-08-16 00:00,KT8 9BP,F,N,L,RIVERHOLME,FLAT 13,HAMPTON COURT ROAD,,EAST MOLESEY,RICHMOND UPON THAMES,GREATER LONDON,2139.19413919414,1999.0,1999-08-16,F,L,146000.0,KT8 9BP,E09000027,{5E586707-B73F-41B8-BDF9-1343BE361DBB},21122077.0,68.25,3.0,11.0,65.0,73.0,England and Wales: 1967-1975,2139.19413919414,3.0,68.25,65.0,England and Wales: 1967-1975,KT8,1999
{CE5A4BAA-9CC7-4169-9607-1E4FA4FE71C4},499500,1999-09-02 00:00,KT8 9DA,D,N,F,YORK LODGE,,HAMPTON COURT ROAD,,EAST MOLESEY,RICHMOND UPON THAMES,GREATER LONDON,3264.70588235294,1999.0,1999-09-02,D,F,499500.0,KT8 9DA,E09000027,{CE5A4BAA-9CC7-4169-9607-1E4FA4FE71C4},21137007.0,153.0,6.0,11.0,21.0,60.0,England and Wales: before 1900,3264.70588235294,6.0,153.0,21.0,England and Wales: before 1900,KT8,1999
{4818D839-B939-4AE6-861C-A568A970369A},215000,1999-12-01 00:00,KT8 9BY,F,N,F,OLDWAYS,,HAMPTON COURT ROAD,,EAST MOLESEY,RICHMOND UPON THAMES,GREATER LONDON,2451.81890751511,1999.0,1999-12-01,F,F,215000.0,KT8 9BY,E09000027,{4818D839-B939-4AE6-861C-A568A970369A},21113433.0,87.69,5.0,11.0,37.0,56.0,England and Wales: before 1900,2451.81890751511,5.0,87.69,37.0,England and Wales: before 1900,KT8,1999
{4A3BBAE9-061C-4A31-A196-B687B961720F},500000,2000-03-31 00:00,KT8 9BP,D,N,F,WEIRS END,,HAMPTON COURT ROAD,,EAST MOLESEY,RICHMOND UPON THAMES,GREATER LONDON,2044.48806018973,2000.0,2000-03-31,D,F,500000.0,KT8 9BP,E09000027,{4A3BBAE9-061C-4A31-A196-B687B961720F},21147350.0,244.56,8.0,11.0,49.0,64.0,England and Wales: 1950-1966,2044.48806018973,8.0,244.56,49.0,England and Wales: 1950-1966,KT8,2000
{AEFF26F7-7FBC-4824-B459-519C14B8D908},116000,2001-01-15 00:00,KT8 9DD,D,N,F,1A,,LION GATE,EAST MOLESEY,EAST MOLESEY,RICHMOND UPON THAMES,GREATER LONDON,1901.6393442623,2001.0,2001-01-15,D,F,116000.0,KT8 9DD,E09000027,{AEFF26F7-7FBC-4824-B459-519C14B8D908},21138167.0,61.0,3.0,11.0,51.0,74.0,England and Wales: 1900-1929,1901.6393442623,3.0,61.0,51.0,England and Wales: 1900-1929,KT8,2001
{1D8CACF1-371F-4CB7-A583-40F90578EBB7},180000,2001-02-26 00:00,KT8 9DA,F,N,L,BAY LODGE,FLAT 3,HAMPTON COURT ROAD,EAST MOLESEY,EAST MOLESEY,RICHMOND UPON THAMES,GREATER LONDON,1978.02197802198,2001.0,2001-02-26,F,L,180000.0,KT8 9DA,E09000027,{1D8CACF1-371F-4CB7-A583-40F90578EBB7},21111243.0,91.0,3.0,11.0,54.0,57.0,England and Wales: before 1900,1978.02197802198,3.0,91.0,54.0,England and Wales: before 1900,KT8,2001
{EAD357BC-0E9C-4F68-88BB-7724BCBA8022},281000,2001-03-19 00:00,KT8 9BY,S,N,F,ARRAGON HOUSE,,HAMPTON COURT ROAD,EAST MOLESEY,EAST MOLESEY,RICHMOND UPON THAMES,GREATER LONDON,2195.3125,2001.0,2001-03-19,S,F,281000.0,KT8 9BY,E09000027,{EAD357BC-0E9C-4F68-88BB-7724BCBA8022},21137751.0,128.0,5.0,11.0,62.0,72.0,England and Wales: 1967-1975,2195.3125,5.0,128.0,62.0,England and Wales: 1967-1975,KT8,2001
{ABF69DF7-1AF6-4BC0-A84E-D8F8BE6F0F52},425000,2001-06-22 00:00,KT8 9DA,D,N,F,PARK HOUSE,THE COACH HOUSE,HAMPTON COURT ROAD,EAST MOLESEY,EAST MOLESEY,RICHMOND UPON THAMES,GREATER LONDON,1019.18465227818,2001.0,2001-06-22,D,F,425000.0,KT8 9DA,E09000027,{ABF69DF7-1AF6-4BC0-A84E-D8F8BE6F0F52},21123720.0,417.0,12.0,11.0,48.0,73.0,England and Wales: before 1900,1019.18465227818,12.0,417.0,48.0,England and Wales: before 1900,KT8,2001
{997F03BA-5FCC-4A5D-8188-1A29091B777F},235000,2001-08-24 00:00,KT8 9BP,F,N,L,RIVERHOLME,FLAT 9,HAMPTON COURT ROAD,EAST MOLESEY,EAST MOLESEY,RICHMOND UPON THAMES,GREATER LONDON,3405.79710144928,2001.0,2001-08-24,F,L,235000.0,KT8 9BP,E09000027,{997F03BA-5FCC-4A5D-8188-1A29091B777F},21135567.0,69.0,3.0,11.0,76.0,82.0,England and Wales: 1976-1982,3405.79710144928,3.0,69.0,76.0,England and Wales: 1976-1982,KT8,2001
{795CD668-3D5D-4851-BE91-D2694D488587},217500,2002-02-11 00:00,KT8 9DA,F,N,L,VINE HOUSE,2,HAMPTON COURT ROAD,EAST MOLESEY,EAST MOLESEY,RICHMOND UPON THAMES,GREATER LONDON,2490.26791847951,2002.0,2002-02-11,F,L,217500.0,KT8 9DA,E09000027,{795CD668-3D5D-4851-BE91-D2694D488587},21129812.0,87.34,3.0,11.0,57.0,62.0,England and Wales: before 1900,2490.26791847951,3.0,87.34,57.0,England and Wales: before 1900,KT8,2002
{A1F02FDB-EE73-42A7-B688-43803FC62000},597500,2002-05-10 00:00,KT8 9DA,D,N,F,YORK LODGE,,HAMPTON COURT ROAD,EAST MOLESEY,EAST MOLESEY,RICHMOND UPON THAMES,GREATER LONDON,3905.22875816993,2002.0,2002-05-10,D,F,597500.0,KT8 9DA,E09000027,{A1F02FDB-EE73-42A7-B688-43803FC62000},21137007.0,153.0,6.0,11.0,21.0,60.0,England and Wales: before 1900,3905.22875816993,6.0,153.0,21.0,England and Wales: before 1900,KT8,2002
{4D8DFB8D-DEEB-4998-9C47-36837AA898E2},274950,2002-09-02 00:00,KT8 9BP,F,N,L,RIVERHOLME,FLAT 11,HAMPTON COURT ROAD,EAST MOLESEY,EAST MOLESEY,RICHMOND UPON THAMES,GREATER LONDON,3818.75,2002.0,2002-09-02,F,L,274950.0,KT8 9BP,E09000027,{4D8DFB8D-DEEB-4998-9C47-36837AA898E2},21140565.0,72.0,3.0,11.0,65.0,79.0,England and Wales: 1976-1982,3818.75,3.0,72.0,65.0,England and Wales: 1976-1982,KT8,2002
{2A289E9F-0B16-CDC8-E050-A8C063054829},44000,2002-12-03 00:00,KT8 9DA,D,N,F,PARK HOUSE,THE COACH HOUSE,HAMPTON COURT ROAD,,EAST MOLESEY,RICHMOND UPON THAMES,GREATER LONDON,105.515587529976,2002.0,2002-12-03,D,F,44000.0,KT8 9DA,E09000027,{2A289E9F-0B16-CDC8-E050-A8C063054829},21123720.0,417.0,12.0,11.0,48.0,73.0,England and Wales: before 1900,105.515587529976,12.0,417.0,48.0,England and Wales: before 1900,KT8,2002
{DDEFA0E7-D381-4476-82C2-ACB495CC3E72},212500,2003-08-07 00:00,KT8 9BP,F,N,L,RIVERHOLME,FLAT 16,HAMPTON COURT ROAD,EAST MOLESEY,EAST MOLESEY,RICHMOND UPON THAMES,GREATER LONDON,3079.71014492754,2003.0,2003-08-07,F,L,212500.0,KT8 9BP,E09000027,{DDEFA0E7-D381-4476-82C2-ACB495CC3E72},21167304.0,69.0,3.0,11.0,67.0,78.0,England and Wales: 1976-1982,3079.71014492754,3.0,69.0,67.0,England and Wales: 1976-1982,KT8,2003
{89130133-1658-45B6-B464-39D3701BBE83},244000,2003-09-12 00:00,KT8 9DA,F,N,L,VINE HOUSE,2,HAMPTON COURT ROAD,EAST MOLESEY,EAST MOLESEY,RICHMOND UPON THAMES,GREATER LONDON,2793.67987176551,2003.0,2003-09-12,F,L,244000.0,KT8 9DA,E09000027,{89130133-1658-45B6-B464-39D3701BBE83},21129812.0,87.34,3.0,11.0,57.0,62.0,England and Wales: before 1900,2793.67987176551,3.0,87.34,57.0,England and Wales: before 1900,KT8,2003
{AA866F63-816A-4E0A-A294-8AAF9DFFA632},345000,2003-09-29 00:00,KT8 9BY,S,N,F,ARRAGON HOUSE,,HAMPTON COURT ROAD,EAST MOLESEY,EAST MOLESEY,RICHMOND UPON THAMES,GREATER LONDON,2695.3125,2003.0,2003-09-29,S,F,345000.0,KT8 9BY,E09000027,{AA866F63-816A-4E0A-A294-8AAF9DFFA632},21137751.0,128.0,5.0,11.0,62.0,72.0,England and Wales: 1967-1975,2695.3125,5.0,128.0,62.0,England and Wales: 1967-1975,KT8,2003
{71A5D57E-4E1F-423C-944E-7365AE99285B},220000,2003-10-13 00:00,KT8 9BP,F,N,L,RIVERHOLME,FLAT 15,HAMPTON COURT ROAD,EAST MOLESEY,EAST MOLESEY,RICHMOND UPON THAMES,GREATER LONDON,3333.33333333333,2003.0,2003-10-13,F,L,220000.0,KT8 9BP,E09000027,{71A5D57E-4E1F-423C-944E-7365AE99285B},21120272.0,66.0,3.0,11.0,75.0,79.0,England and Wales: 1976-1982,3333.33333333333,3.0,66.0,75.0,England and Wales: 1976-1982,KT8,2003
{007D56F9-F8DA-4151-9743-04AADFF20987},250000,2003-10-23 00:00,KT8 9DA,S,N,F,ANNE BOLEYNS COTTAGE,,HAMPTON COURT ROAD,EAST MOLESEY,EAST MOLESEY,RICHMOND UPON THAMES,GREATER LONDON,2721.59202246946,2003.0,2003-10-23,S,F,250000.0,KT8 9DA,E09000027,{007D56F9-F8DA-4151-9743-04AADFF20987},21112210.0,91.858,5.0,11.0,42.0,44.0,England and Wales: before 1900,2721.59202246946,5.0,91.858,42.0,England and Wales: before 1900,KT8,2003
{DBEEFE27-E9B3-4FED-8EBC-E5830BA93104},215000,2003-12-05 00:00,KT8 9BP,F,N,L,RIVERHOLME,FLAT 18,HAMPTON COURT ROAD,EAST MOLESEY,EAST MOLESEY,RICHMOND UPON THAMES,GREATER LONDON,3167.3541543901,2003.0,2003-12-05,F,L,215000.0,KT8 9BP,E09000027,{DBEEFE27-E9B3-4FED-8EBC-E5830BA93104},21108547.0,67.88,3.0,11.0,74.0,76.0,England and Wales: 1976-1982,3167.3541543901,3.0,67.88,74.0,England and Wales: 1976-1982,KT8,2003
{F9FDA2AE-AF48-492D-892A-11E0A9A4211F},320000,2005-04-20 00:00,KT8 9BP,F,N,L,RIVERHOLME,FLAT 11,HAMPTON COURT ROAD,,EAST MOLESEY,RICHMOND UPON THAMES,GREATER LONDON,4444.44444444444,2005.0,2005-04-20,F,L,320000.0,KT8 9BP,E09000027,{F9FDA2AE-AF48-492D-892A-11E0A9A4211F},21140565.0,72.0,3.0,11.0,65.0,79.0,England and Wales: 1976-1982,4444.44444444444,3.0,72.0,65.0,England and Wales: 1976-1982,KT8,2005
{5CA62143-809C-4D36-9101-C66FD6E684ED},620000,2005-08-03 00:00,KT8 9BN,T,N,F,2,,PALACE GATE,,EAST MOLESEY,RICHMOND UPON THAMES,GREATER LONDON,3084.57711442786,2005.0,2005-08-03,T,F,620000.0,KT8 9BN,E09000027,{5CA62143-809C-4D36-9101-C66FD6E684ED},21173207.0,201.0,7.0,11.0,40.0,67.0,England and Wales: before 1900,3084.57711442786,7.0,201.0,40.0,England and Wales: before 1900,KT8,2005
{8821DC37-1C36-405A-A56E-4C65975D9AE2},390000,2005-08-24 00:00,KT8 9DA,T,N,F,YORK COTTAGE,,HAMPTON COURT ROAD,EAST MOLESEY,EAST MOLESEY,RICHMOND UPON THAMES,GREATER LONDON,3362.06896551724,2005.0,2005-08-24,T,F,390000.0,KT8 9DA,E09000027,{8821DC37-1C36-405A-A56E-4C65975D9AE2},21155408.0,116.0,5.0,11.0,53.0,75.0,England and Wales: before 1900,3362.06896551724,5.0,116.0,53.0,England and Wales: before 1900,KT8,2005
{2030071E-B739-47B1-B38B-14B83938EA69},280000,2005-11-22 00:00,KT8 9DA,F,N,L,VINE HOUSE,2,HAMPTON COURT ROAD,EAST MOLESEY,EAST MOLESEY,RICHMOND UPON THAMES,GREATER LONDON,3205.86214792764,2005.0,2005-11-22,F,L,280000.0,KT8 9DA,E09000027,{2030071E-B739-47B1-B38B-14B83938EA69},21129812.0,87.34,3.0,11.0,57.0,62.0,England and Wales: before 1900,3205.86214792764,3.0,87.34,57.0,England and Wales: before 1900,KT8,2005
{A5C3101D-3B0B-459E-B845-72D1F3CDEE4D},475000,2006-03-20 00:00,KT8 9BP,S,N,F,FORTITER,,HAMPTON COURT ROAD,,EAST MOLESEY,RICHMOND UPON THAMES,GREATER LONDON,2394.15322580645,2006.0,2006-03-20,S,F,475000.0,KT8 9BP,E09000027,{A5C3101D-3B0B-459E-B845-72D1F3CDEE4D},21101532.0,198.4,,11.0,81.0,82.0,NO DATA!,2394.15322580645,,198.4,81.0,NO DATA!,KT8,2006
{8422D629-AC8D-4D9D-AF0F-31FB9AF7F216},825000,2006-03-20 00:00,KT8 9BP,D,N,F,THE CHALET,,HAMPTON COURT ROAD,EAST MOLESEY,EAST MOLESEY,RICHMOND UPON THAMES,GREATER LONDON,3467.84363177806,2006.0,2006-03-20,D,F,825000.0,KT8 9BP,E09000027,{8422D629-AC8D-4D9D-AF0F-31FB9AF7F216},21137676.0,237.9,9.0,12.0,6.0,12.0,England and Wales: before 1900,3467.84363177806,9.0,237.9,6.0,England and Wales: before 1900,KT8,2006
{113FDFA9-FA83-48B8-8703-F18A171F3D69},410000,2006-06-02 00:00,KT8 9DA,S,N,F,KINROSS,,HAMPTON COURT ROAD,EAST MOLESEY,EAST MOLESEY,RICHMOND UPON THAMES,GREATER LONDON,3565.21739130435,2006.0,2006-06-02,S,F,410000.0,KT8 9DA,E09000027,{113FDFA9-FA83-48B8-8703-F18A171F3D69},21172539.0,115.0,5.0,11.0,52.0,75.0,England and Wales: before 1900,3565.21739130435,5.0,115.0,52.0,England and Wales: before 1900,KT8,2006
{3CA4F158-E2CE-4CFB-8753-98ADD782F49C},1675500,2006-06-29 00:00,KT8 9BW,D,N,F,THE GREEN,,HAMPTON COURT ROAD,EAST MOLESEY,EAST MOLESEY,RICHMOND UPON THAMES,GREATER LONDON,3197.51908396947,2006.0,2006-06-29,D,F,1675500.0,KT8 9BW,E09000027,{3CA4F158-E2CE-4CFB-8753-98ADD782F49C},21175395.0,524.0,12.0,11.0,62.0,79.0,England and Wales: before 1900,3197.51908396947,12.0,524.0,62.0,England and Wales: before 1900,KT8,2006
{5D94E1F4-9BE8-4435-9DD2-09521654B15A},745000,2006-08-25 00:00,KT8 9BP,D,N,F,THAMES COTTAGE,,HAMPTON COURT ROAD,EAST MOLESEY,EAST MOLESEY,RICHMOND UPON THAMES,GREATER LONDON,4116.02209944751,2006.0,2006-08-25,D,F,745000.0,KT8 9BP,E09000027,{5D94E1F4-9BE8-4435-9DD2-09521654B15A},21121614.0,181.0,8.0,11.0,55.0,75.0,England and Wales: 1900-1929,4116.02209944751,8.0,181.0,55.0,England and Wales: 1900-1929,KT8,2006
{376998B9-83BF-43C1-8DDA-C7A653638E53},294000,2006-09-08 00:00,KT8 9BP,F,N,L,RIVERHOLME,FLAT 18,HAMPTON COURT ROAD,EAST MOLESEY,EAST MOLESEY,RICHMOND UPON THAMES,GREATER LONDON,4331.17265763111,2006.0,2006-09-08,F,L,294000.0,KT8 9BP,E09000027,{376998B9-83BF-43C1-8DDA-C7A653638E53},21108547.0,67.88,3.0,11.0,74.0,76.0,England and Wales: 1976-1982,4331.17265763111,3.0,67.88,74.0,England and Wales: 1976-1982,KT8,2006
{CB721F8A-6461-482E-ADA5-9206E04414B7},272500,2006-10-24 00:00,KT8 9BP,F,N,L,RIVERHOLME,FLAT 13,HAMPTON COURT ROAD,EAST MOLESEY,EAST MOLESEY,RICHMOND UPON THAMES,GREATER LONDON,3992.67399267399,2006.0,2006-10-24,F,L,272500.0,KT8 9BP,E09000027,{CB721F8A-6461-482E-ADA5-9206E04414B7},21122077.0,68.25,3.0,11.0,65.0,73.0,England and Wales: 1967-1975,3992.67399267399,3.0,68.25,65.0,England and Wales: 1967-1975,KT8,2006
{491E7228-7833-402B-B6B8-E29A0CA1A7EB},489500,2007-03-30 00:00,KT8 9DA,S,N,F,PADDOCK COTTAGE,,HAMPTON COURT ROAD,EAST MOLESEY,EAST MOLESEY,RICHMOND UPON THAMES,GREATER LONDON,2603.72340425532,2007.0,2007-03-30,S,F,489500.0,KT8 9DA,E09000027,{491E7228-7833-402B-B6B8-E29A0CA1A7EB},21101437.0,188.0,5.0,11.0,55.0,76.0,England and Wales: before 1900,2603.72340425532,5.0,188.0,55.0,England and Wales: before 1900,KT8,2007
{71E0A4DB-00CD-4F89-825E-E3413077416D},2600000,2007-04-02 00:00,KT8 9BS,D,N,F,THE WHITE HOUSE,,HAMPTON COURT ROAD,,EAST MOLESEY,RICHMOND UPON THAMES,GREATER LONDON,9318.99641577061,2007.0,2007-04-02,D,F,2600000.0,KT8 9BS,E09000027,{71E0A4DB-00CD-4F89-825E-E3413077416D},21134318.0,279.0,4.0,11.0,53.0,70.0,England and Wales: before 1900,9318.99641577061,4.0,279.0,53.0,England and Wales: before 1900,KT8,2007
{EE4D9D1C-3579-484B-864C-1B4E8400911B},625000,2007-05-04 00:00,KT8 9BZ,D,N,F,TUDOR HOUSE,,HAMPTON COURT ROAD,EAST MOLESEY,EAST MOLESEY,RICHMOND UPON THAMES,GREATER LONDON,5636.72438672439,2007.0,2007-05-04,D,F,625000.0,KT8 9BZ,E09000027,{EE4D9D1C-3579-484B-864C-1B4E8400911B},21150898.0,110.88,5.0,12.0,49.0,65.0,England and Wales: before 1900,5636.72438672439,5.0,110.88,49.0,England and Wales: before 1900,KT8,2007
{991262F2-5EEF-442B-BE81-E0385809D8D1},1980000,2007-05-18 00:00,KT8 9BW,D,N,F,PADDOCK LODGE,,HAMPTON COURT ROAD,EAST MOLESEY,EAST MOLESEY,RICHMOND UPON THAMES,GREATER LONDON,4974.8743718593,2007.0,2007-05-18,D,F,1980000.0,KT8 9BW,E09000027,{991262F2-5EEF-442B-BE81-E0385809D8D1},21149546.0,398.0,,11.0,78.0,79.0,NO DATA!,4974.8743718593,,398.0,78.0,NO DATA!,KT8,2007
{91A6AE2D-A1A1-40B8-B71B-791F09702EB7},850000,2007-05-25 00:00,KT8 9BP,D,N,F,SOU SOU WEST,,HAMPTON COURT ROAD,EAST MOLESEY,EAST MOLESEY,RICHMOND UPON THAMES,GREATER LONDON,5246.91358024691,2007.0,2007-05-25,D,F,850000.0,KT8 9BP,E09000027,{91A6AE2D-A1A1-40B8-B71B-791F09702EB7},21141116.0,162.0,7.0,11.0,36.0,56.0,England and Wales: 1930-1949,5246.91358024691,7.0,162.0,36.0,England and Wales: 1930-1949,KT8,2007
{B090F383-6C1D-4897-B06C-2B5F42CF2747},425000,2007-11-28 00:00,KT8 9BP,F,N,L,BRUNSTAN COURT,2,HAMPTON COURT ROAD,EAST MOLESEY,EAST MOLESEY,RICHMOND UPON THAMES,GREATER LONDON,5059.52380952381,2007.0,2007-11-28,F,L,425000.0,KT8 9BP,E09000027,{B090F383-6C1D-4897-B06C-2B5F42CF2747},21110374.0,84.0,4.0,11.0,51.0,71.0,England and Wales: 1930-1949,5059.52380952381,4.0,84.0,51.0,England and Wales: 1930-1949,KT8,2007
{D04404F2-AFCD-481F-8AB4-A53D0DDA6D66},195000,2008-05-30 00:00,KT8 9BD,F,Y,L,ROTARY COURT,14,HAMPTON COURT ROAD,EAST MOLESEY,EAST MOLESEY,RICHMOND UPON THAMES,GREATER LONDON,6290.32258064516,2008.0,2008-05-30,F,L,195000.0,KT8 9BD,E09000027,{D04404F2-AFCD-481F-8AB4-A53D0DDA6D66},21148359.0,31.0,1.0,11.0,54.0,81.0,England and Wales: 1900-1929,6290.32258064516,1.0,31.0,54.0,England and Wales: 1900-1929,KT8,2008
{D870B00B-6887-40C1-A5A7-BAD0B37919F8},605000,2008-06-06 00:00,KT8 9BD,F,Y,L,ROTARY COURT,12,HAMPTON COURT ROAD,EAST MOLESEY,EAST MOLESEY,RICHMOND UPON THAMES,GREATER LONDON,6050.0,2008.0,2008-06-06,F,L,605000.0,KT8 9BD,E09000027,{D870B00B-6887-40C1-A5A7-BAD0B37919F8},21116660.0,100.0,4.0,11.0,54.0,72.0,England and Wales: 2003-2006,6050.0,4.0,100.0,54.0,England and Wales: 2003-2006,KT8,2008
{14B14CF1-E4A5-4B10-86BC-940855C450CC},295000,2008-06-09 00:00,KT8 9BD,F,Y,L,ROTARY COURT,5,HAMPTON COURT ROAD,EAST MOLESEY,EAST MOLESEY,RICHMOND UPON THAMES,GREATER LONDON,5619.04761904762,2008.0,2008-06-09,F,L,295000.0,KT8 9BD,E09000027,{14B14CF1-E4A5-4B10-86BC-940855C450CC},21127589.0,52.5,2.0,12.0,68.0,75.0,England and Wales: 1900-1929,5619.04761904762,2.0,52.5,68.0,England and Wales: 1900-1929,KT8,2008
{4F097A74-58D2-4C2E-A97F-3811EC914773},295000,2008-06-13 00:00,KT8 9BD,F,Y,L,ROTARY COURT,16,HAMPTON COURT ROAD,EAST MOLESEY,EAST MOLESEY,RICHMOND UPON THAMES,GREATER LONDON,6704.54545454545,2008.0,2008-06-13,F,L,295000.0,KT8 9BD,E09000027,{4F097A74-58D2-4C2E-A97F-3811EC914773},21135951.0,44.0,2.0,11.0,56.0,82.0,England and Wales: before 1900,6704.54545454545,2.0,44.0,56.0,England and Wales: before 1900,KT8,2008
{D9CE24A9-46C2-44DD-82F6-3B706DCCB40D},250000,2008-07-04 00:00,KT8 9BD,F,Y,L,ROTARY COURT,21,HAMPTON COURT ROAD,EAST MOLESEY,EAST MOLESEY,RICHMOND UPON THAMES,GREATER LONDON,7142.85714285714,2008.0,2008-07-04,F,L,250000.0,KT8 9BD,E09000027,{D9CE24A9-46C2-44DD-82F6-3B706DCCB40D},21131210.0,35.0,2.0,11.0,46.0,80.0,England and Wales: 1900-1929,7142.85714285714,2.0,35.0,46.0,England and Wales: 1900-1929,KT8,2008
{3D1D1D6B-0CB9-460E-A183-982BA8DD47D0},230000,2008-07-04 00:00,KT8 9BD,F,Y,L,ROTARY COURT,20,HAMPTON COURT ROAD,EAST MOLESEY,EAST MOLESEY,RICHMOND UPON THAMES,GREATER LONDON,6764.70588235294,2008.0,2008-07-04,F,L,230000.0,KT8 9BD,E09000027,{3D1D1D6B-0CB9-460E-A183-982BA8DD47D0},21138600.0,34.0,2.0,12.0,38.0,85.0,England and Wales: before 1900,6764.70588235294,2.0,34.0,38.0,England and Wales: before 1900,KT8,2008
{BE239694-8CEF-44AA-8C80-2D3B8F740FB7},375000,2008-07-04 00:00,KT8 9BY,T,N,F,OLD PARK HOUSE,,HAMPTON COURT ROAD,EAST MOLESEY,EAST MOLESEY,RICHMOND UPON THAMES,GREATER LONDON,1903.55329949239,2008.0,2008-07-04,T,F,375000.0,KT8 9BY,E09000027,{BE239694-8CEF-44AA-8C80-2D3B8F740FB7},21169843.0,197.0,4.0,11.0,54.0,61.0,England and Wales: 1930-1949,1903.55329949239,4.0,197.0,54.0,England and Wales: 1930-1949,KT8,2008
{D72D297E-3965-4B3D-BA3A-450880EDFBB6},320000,2008-07-04 00:00,KT8 9BD,F,Y,L,ROTARY COURT,2,HAMPTON COURT ROAD,EAST MOLESEY,EAST MOLESEY,RICHMOND UPON THAMES,GREATER LONDON,5714.28571428571,2008.0,2008-07-04,F,L,320000.0,KT8 9BD,E09000027,{D72D297E-3965-4B3D-BA3A-450880EDFBB6},21151746.0,56.0,3.0,12.0,51.0,81.0,England and Wales: before 1900,5714.28571428571,3.0,56.0,51.0,England and Wales: before 1900,KT8,2008
{E0716406-22D0-4CEB-9258-CC4E4B908A64},287500,2008-07-08 00:00,KT8 9BD,F,Y,L,ROTARY COURT,22,HAMPTON COURT ROAD,EAST MOLESEY,EAST MOLESEY,RICHMOND UPON THAMES,GREATER LONDON,5343.86617100372,2008.0,2008-07-08,F,L,287500.0,KT8 9BD,E09000027,{E0716406-22D0-4CEB-9258-CC4E4B908A64},21120248.0,53.8,2.0,12.0,64.0,77.0,England and Wales: 2007 onwards,5343.86617100372,2.0,53.8,64.0,England and Wales: 2007 onwards,KT8,2008
{DC153160-306B-4A38-A447-D882E0D4E0CE},275000,2008-07-09 00:00,KT8 9BD,F,Y,L,ROTARY COURT,19,HAMPTON COURT ROAD,EAST MOLESEY,EAST MOLESEY,RICHMOND UPON THAMES,GREATER LONDON,6250.0,2008.0,2008-07-09,F,L,275000.0,KT8 9BD,E09000027,{DC153160-306B-4A38-A447-D882E0D4E0CE},21101731.0,44.0,2.0,11.0,59.0,86.0,England and Wales: before 1900,6250.0,2.0,44.0,59.0,England and Wales: before 1900,KT8,2008
{AF47688B-A1DE-400E-B7E8-AC00D93DCDD7},222000,2008-07-10 00:00,KT8 9BD,F,Y,L,ROTARY COURT,7,HAMPTON COURT ROAD,EAST MOLESEY,EAST MOLESEY,RICHMOND UPON THAMES,GREATER LONDON,5414.63414634146,2008.0,2008-07-10,F,L,222000.0,KT8 9BD,E09000027,{AF47688B-A1DE-400E-B7E8-AC00D93DCDD7},21146626.0,41.0,2.0,11.0,55.0,83.0,England and Wales: 1900-1929,5414.63414634146,2.0,41.0,55.0,England and Wales: 1900-1929,KT8,2008
{6C28BD6B-157C-4225-A7F6-A1A6AF4D29C9},175000,2008-07-15 00:00,KT8 9BD,F,Y,L,ROTARY COURT,11,HAMPTON COURT ROAD,EAST MOLESEY,EAST MOLESEY,RICHMOND UPON THAMES,GREATER LONDON,5468.75,2008.0,2008-07-15,F,L,175000.0,KT8 9BD,E09000027,{6C28BD6B-157C-4225-A7F6-A1A6AF4D29C9},21126359.0,32.0,1.0,11.0,39.0,82.0,England and Wales: before 1900,5468.75,1.0,32.0,39.0,England and Wales: before 1900,KT8,2008
{9B941E8C-94A8-43AF-9AFC-CF2E8A19E6CC},175000,2008-07-21 00:00,KT8 9BD,F,Y,L,ROTARY COURT,10,HAMPTON COURT ROAD,EAST MOLESEY,EAST MOLESEY,RICHMOND UPON THAMES,GREATER LONDON,5833.33333333333,2008.0,2008-07-21,F,L,175000.0,KT8 9BD,E09000027,{9B941E8C-94A8-43AF-9AFC-CF2E8A19E6CC},21136213.0,30.0,1.0,11.0,57.0,82.0,England and Wales: 1900-1929,5833.33333333333,1.0,30.0,57.0,England and Wales: 1900-1929,KT8,2008
{7F495B3E-0CB6-4E57-95F4-29C526BC6BBD},320000,2008-07-23 00:00,KT8 9BD,F,Y,L,ROTARY COURT,17,HAMPTON COURT ROAD,EAST MOLESEY,EAST MOLESEY,RICHMOND UPON THAMES,GREATER LONDON,5841.54801022271,2008.0,2008-07-23,F,L,320000.0,KT8 9BD,E09000027,{7F495B3E-0CB6-4E57-95F4-29C526BC6BBD},21136852.0,54.78,3.0,12.0,69.0,80.0,England and Wales: 2007 onwards,5841.54801022271,3.0,54.78,69.0,England and Wales: 2007 onwards,KT8,2008
{7ADF6B4E-7589-4F54-ABED-48218FF9F123},220000,2008-07-29 00:00,KT8 9BD,F,Y,L,ROTARY COURT,9,HAMPTON COURT ROAD,EAST MOLESEY,EAST MOLESEY,RICHMOND UPON THAMES,GREATER LONDON,5176.47058823529,2008.0,2008-07-29,F,L,220000.0,KT8 9BD,E09000027,{7ADF6B4E-7589-4F54-ABED-48218FF9F123},21141422.0,42.5,,12.0,54.0,54.0,England and Wales: 2007 onwards,5176.47058823529,,42.5,54.0,England and Wales: 2007 onwards,KT8,2008
{C2ACFE08-8885-457E-AA29-ABD58B06BF03},249950,2008-07-31 00:00,KT8 9BD,F,Y,L,ROTARY COURT,4,HAMPTON COURT ROAD,EAST MOLESEY,EAST MOLESEY,RICHMOND UPON THAMES,GREATER LONDON,4733.90151515152,2008.0,2008-07-31,F,L,249950.0,KT8 9BD,E09000027,{C2ACFE08-8885-457E-AA29-ABD58B06BF03},21119226.0,52.8,2.0,12.0,36.0,61.0,England and Wales: 1900-1929,4733.90151515152,2.0,52.8,36.0,England and Wales: 1900-1929,KT8,2008
{C94E8FDA-09C3-429A-9A9A-2BCBBB64EA2D},639950,2009-01-26 00:00,KT8 9BP,D,N,F,RIVER COTTAGE,,HAMPTON COURT ROAD,EAST MOLESEY,EAST MOLESEY,RICHMOND UPON THAMES,GREATER LONDON,7510.26874779955,2009.0,2009-01-26,D,F,639950.0,KT8 9BP,E09000027,{C94E8FDA-09C3-429A-9A9A-2BCBBB64EA2D},21108790.0,85.21,5.0,11.0,28.0,42.0,England and Wales: 1900-1929,7510.26874779955,5.0,85.21,28.0,England and Wales: 1900-1929,KT8,2009
{39B85117-23D4-4D36-B727-13C13E5CA500},410000,2009-02-10 00:00,KT8 9BD,F,Y,L,ROTARY COURT,13,HAMPTON COURT ROAD,EAST MOLESEY,EAST MOLESEY,RICHMOND UPON THAMES,GREATER LONDON,4606.74157303371,2009.0,2009-02-10,F,L,410000.0,KT8 9BD,E09000027,{39B85117-23D4-4D36-B727-13C13E5CA500},21123182.0,89.0,3.0,11.0,45.0,83.0,England and Wales: 1900-1929,4606.74157303371,3.0,89.0,45.0,England and Wales: 1900-1929,KT8,2009
{90D5C66F-5D39-44C2-B097-65305EDBBAA7},390000,2009-03-31 00:00,KT8 9BD,F,Y,L,ROTARY COURT,15,HAMPTON COURT ROAD,,EAST MOLESEY,RICHMOND UPON THAMES,GREATER LONDON,4814.81481481481,2009.0,2009-03-31,F,L,390000.0,KT8 9BD,E09000027,{90D5C66F-5D39-44C2-B097-65305EDBBAA7},21122621.0,81.0,4.0,11.0,54.0,86.0,England and Wales: before 1900,4814.81481481481,4.0,81.0,54.0,England and Wales: before 1900,KT8,2009
{5CFD6537-3720-492E-AA32-8E3B779CEDFE},385000,2010-07-01 00:00,KT8 9BP,F,N,L,RIVERHOLME,FLAT 2,HAMPTON COURT ROAD,,EAST MOLESEY,RICHMOND UPON THAMES,GREATER LONDON,5379.34888919939,2010.0,2010-07-01,F,L,385000.0,KT8 9BP,E09000027,{5CFD6537-3720-492E-AA32-8E3B779CEDFE},21141373.0,71.57,3.0,11.0,73.0,77.0,England and Wales: 1983-1990,5379.34888919939,3.0,71.57,73.0,England and Wales: 1983-1990,KT8,2010
{BD8EF2FB-E11B-4386-A18D-8750ADDC6704},620000,2010-11-08 00:00,KT8 9BY,S,N,F,ARRAGON HOUSE,,HAMPTON COURT ROAD,,EAST MOLESEY,RICHMOND UPON THAMES,GREATER LONDON,4843.75,2010.0,2010-11-08,S,F,620000.0,KT8 9BY,E09000027,{BD8EF2FB-E11B-4386-A18D-8750ADDC6704},21137751.0,128.0,5.0,11.0,62.0,72.0,England and Wales: 1967-1975,4843.75,5.0,128.0,62.0,England and Wales: 1967-1975,KT8,2010
{7EC834DD-9E5B-4009-B425-F1665CD5EA10},330000,2011-10-04 00:00,KT8 9DA,F,N,L,VINE HOUSE,2,HAMPTON COURT ROAD,,EAST MOLESEY,RICHMOND UPON THAMES,GREATER LONDON,3778.33753148615,2011.0,2011-10-04,F,L,330000.0,KT8 9DA,E09000027,{7EC834DD-9E5B-4009-B425-F1665CD5EA10},21129812.0,87.34,3.0,11.0,57.0,62.0,England and Wales: before 1900,3778.33753148615,3.0,87.34,57.0,England and Wales: before 1900,KT8,2011
{0561D079-D970-4BE2-845C-B7D9128033ED},337500,2012-03-06 00:00,KT8 9BP,F,N,L,RIVERHOLME,FLAT 14,HAMPTON COURT ROAD,,EAST MOLESEY,RICHMOND UPON THAMES,GREATER LONDON,4865.9169550173,2012.0,2012-03-06,F,L,337500.0,KT8 9BP,E09000027,{0561D079-D970-4BE2-845C-B7D9128033ED},21158573.0,69.36,3.0,11.0,62.0,70.0,England and Wales: 1967-1975,4865.9169550173,3.0,69.36,62.0,England and Wales: 1967-1975,KT8,2012
{630EC63B-F379-4763-A3E4-5D9E538EFDA8},370000,2012-03-23 00:00,KT8 9BY,F,Y,L,PARK VIEW,FLAT 2,HAMPTON COURT ROAD,,EAST MOLESEY,RICHMOND UPON THAMES,GREATER LONDON,5059.48311226583,2012.0,2012-03-23,F,L,370000.0,KT8 9BY,E09000027,{630EC63B-F379-4763-A3E4-5D9E538EFDA8},21152100.0,73.13,,11.0,79.0,80.0,NO DATA!,5059.48311226583,,73.13,79.0,NO DATA!,KT8,2012
{19FABBF9-7FF9-4FB6-9B50-6B16D2193571},1200000,2012-05-31 00:00,KT8 9BW,T,N,F,THE COURT COTTAGE,,HAMPTON COURT ROAD,,EAST MOLESEY,RICHMOND UPON THAMES,GREATER LONDON,4272.28709769297,2012.0,2012-05-31,T,F,1200000.0,KT8 9BW,E09000027,{19FABBF9-7FF9-4FB6-9B50-6B16D2193571},21165775.0,280.88,7.0,11.0,41.0,61.0,England and Wales: before 1900,4272.28709769297,7.0,280.88,41.0,England and Wales: before 1900,KT8,2012
{E045F75F-F72C-45B8-896A-EC24FA59B649},250000,2012-06-15 00:00,KT8 9BD,F,N,L,ROTARY COURT,4,HAMPTON COURT ROAD,,EAST MOLESEY,RICHMOND UPON THAMES,GREATER LONDON,4734.84848484848,2012.0,2012-06-15,F,L,250000.0,KT8 9BD,E09000027,{E045F75F-F72C-45B8-896A-EC24FA59B649},21119226.0,52.8,2.0,12.0,36.0,61.0,England and Wales: 1900-1929,4734.84848484848,2.0,52.8,36.0,England and Wales: 1900-1929,KT8,2012
{E3B46D6A-2409-476A-9535-C01E9BD901A1},1560000,2012-07-17 00:00,KT8 9BP,D,N,F,WEIRS END,,HAMPTON COURT ROAD,,EAST MOLESEY,RICHMOND UPON THAMES,GREATER LONDON,6378.80274779195,2012.0,2012-07-17,D,F,1560000.0,KT8 9BP,E09000027,{E3B46D6A-2409-476A-9535-C01E9BD901A1},21147350.0,244.56,8.0,11.0,49.0,64.0,England and Wales: 1950-1966,6378.80274779195,8.0,244.56,49.0,England and Wales: 1950-1966,KT8,2012
{BFB40171-E6A5-4B73-9F88-C13098A5E883},382000,2013-02-01 00:00,KT8 9BP,F,N,L,BRUNSTAN COURT,1,HAMPTON COURT ROAD,,EAST MOLESEY,RICHMOND UPON THAMES,GREATER LONDON,5073.0411686587,2013.0,2013-02-01,F,L,382000.0,KT8 9BP,E09000027,{BFB40171-E6A5-4B73-9F88-C13098A5E883},21116668.0,75.3,3.0,12.0,54.0,65.0,England and Wales: 1991-1995,5073.0411686587,3.0,75.3,54.0,England and Wales: 1991-1995,KT8,2013
{3CCF0A7B-1CCE-41D2-B8D2-493B787616E9},365000,2013-02-18 00:00,KT8 9BP,F,N,L,RIVERHOLME,FLAT 18,HAMPTON COURT ROAD,,EAST MOLESEY,RICHMOND UPON THAMES,GREATER LONDON,5377.13612256924,2013.0,2013-02-18,F,L,365000.0,KT8 9BP,E09000027,{3CCF0A7B-1CCE-41D2-B8D2-493B787616E9},21108547.0,67.88,3.0,11.0,74.0,76.0,England and Wales: 1976-1982,5377.13612256924,3.0,67.88,74.0,England and Wales: 1976-1982,KT8,2013
{0A6F7841-1C2E-4294-BC69-A82DF78FB8F0},1500000,2013-04-08 00:00,KT8 9BP,D,N,F,FORTITER,,HAMPTON COURT ROAD,,EAST MOLESEY,RICHMOND UPON THAMES,GREATER LONDON,7560.48387096774,2013.0,2013-04-08,D,F,1500000.0,KT8 9BP,E09000027,{0A6F7841-1C2E-4294-BC69-A82DF78FB8F0},21101532.0,198.4,,11.0,81.0,82.0,NO DATA!,7560.48387096774,,198.4,81.0,NO DATA!,KT8,2013
{2A7B6384-B523-4045-A820-00BF029E6461},387500,2013-04-19 00:00,KT8 9BP,F,N,L,RIVERHOLME,FLAT 11,HAMPTON COURT ROAD,,EAST MOLESEY,RICHMOND UPON THAMES,GREATER LONDON,5381.94444444444,2013.0,2013-04-19,F,L,387500.0,KT8 9BP,E09000027,{2A7B6384-B523-4045-A820-00BF029E6461},21140565.0,72.0,3.0,11.0,65.0,79.0,England and Wales: 1976-1982,5381.94444444444,3.0,72.0,65.0,England and Wales: 1976-1982,KT8,2013
{1A4B7F25-AD22-4BD6-8F94-1F1CCB44FF91},1250000,2013-05-10 00:00,KT8 9DA,D,N,F,YORK LODGE,,HAMPTON COURT ROAD,,EAST MOLESEY,RICHMOND UPON THAMES,GREATER LONDON,8169.93464052288,2013.0,2013-05-10,D,F,1250000.0,KT8 9DA,E09000027,{1A4B7F25-AD22-4BD6-8F94-1F1CCB44FF91},21137007.0,153.0,6.0,11.0,21.0,60.0,England and Wales: before 1900,8169.93464052288,6.0,153.0,21.0,England and Wales: before 1900,KT8,2013
{45AEDE92-AEDB-4C3A-9A40-F510232DAD3F},980000,2013-10-22 00:00,KT8 9BP,D,N,F,THE CHALET,,HAMPTON COURT ROAD,,EAST MOLESEY,RICHMOND UPON THAMES,GREATER LONDON,1655.40540540541,2013.0,2013-10-22,D,F,980000.0,KT8 9BP,E09000027,{45AEDE92-AEDB-4C3A-9A40-F510232DAD3F},21110536.0,592.0,8.0,12.0,74.0,78.0,England and Wales: before 1900,1655.40540540541,8.0,592.0,74.0,England and Wales: before 1900,KT8,2013
{6242F0A6-3297-42B2-A5EE-3CB3FB0ABF0E},430000,2013-12-17 00:00,KT8 9BP,F,N,L,RIVERHOLME,FLAT 12,HAMPTON COURT ROAD,,EAST MOLESEY,RICHMOND UPON THAMES,GREATER LONDON,5148.46743295019,2013.0,2013-12-17,F,L,430000.0,KT8 9BP,E09000027,{6242F0A6-3297-42B2-A5EE-3CB3FB0ABF0E},21152326.0,83.52,3.0,11.0,59.0,67.0,England and Wales: 1976-1982,5148.46743295019,3.0,83.52,59.0,England and Wales: 1976-1982,KT8,2013
{1A33D431-9041-44C5-AF5F-C7E5671969E4},260000,2013-12-20 00:00,KT8 9BD,F,N,L,ROTARY COURT,20,HAMPTON COURT ROAD,,EAST MOLESEY,RICHMOND UPON THAMES,GREATER LONDON,7647.05882352941,2013.0,2013-12-20,F,L,260000.0,KT8 9BD,E09000027,{1A33D431-9041-44C5-AF5F-C7E5671969E4},21138600.0,34.0,2.0,12.0,38.0,85.0,England and Wales: before 1900,7647.05882352941,2.0,34.0,38.0,England and Wales: before 1900,KT8,2013
{6D670685-2A56-47D5-AABE-430244CCF067},3100000,2014-03-20 00:00,KT8 9DA,D,N,F,PARK HOUSE,,HAMPTON COURT ROAD,,EAST MOLESEY,RICHMOND UPON THAMES,GREATER LONDON,7434.05275779376,2014.0,2014-03-20,D,F,3100000.0,KT8 9DA,E09000027,{6D670685-2A56-47D5-AABE-430244CCF067},21123720.0,417.0,12.0,11.0,48.0,73.0,England and Wales: before 1900,7434.05275779376,12.0,417.0,48.0,England and Wales: before 1900,KT8,2014
{7ED5E887-695E-4051-B146-8FB9B41E028A},549950,2014-04-16 00:00,KT8 9BD,F,N,L,ROTARY COURT,18,HAMPTON COURT ROAD,,EAST MOLESEY,RICHMOND UPON THAMES,GREATER LONDON,8332.57575757576,2014.0,2014-04-16,F,L,549950.0,KT8 9BD,E09000027,{7ED5E887-695E-4051-B146-8FB9B41E028A},21143234.0,66.0,4.0,11.0,47.0,84.0,England and Wales: before 1900,8332.57575757576,4.0,66.0,47.0,England and Wales: before 1900,KT8,2014
{EF2B8714-3315-470E-AD65-7E1BC33362F7},600000,2014-04-22 00:00,KT8 9DA,T,N,F,ELGIN COTTAGE,,HAMPTON COURT ROAD,,EAST MOLESEY,RICHMOND UPON THAMES,GREATER LONDON,7500.0,2014.0,2014-04-22,T,F,600000.0,KT8 9DA,E09000027,{EF2B8714-3315-470E-AD65-7E1BC33362F7},21116196.0,80.0,4.0,11.0,58.0,85.0,England and Wales: before 1900,7500.0,4.0,80.0,58.0,England and Wales: before 1900,KT8,2014
{B13D61B6-6F63-41A4-A3ED-23865B7C4611},690000,2014-06-26 00:00,KT8 9BD,F,N,L,ROTARY COURT,12,HAMPTON COURT ROAD,,EAST MOLESEY,RICHMOND UPON THAMES,GREATER LONDON,6900.0,2014.0,2014-06-26,F,L,690000.0,KT8 9BD,E09000027,{B13D61B6-6F63-41A4-A3ED-23865B7C4611},21116660.0,100.0,4.0,11.0,54.0,72.0,England and Wales: 2003-2006,6900.0,4.0,100.0,54.0,England and Wales: 2003-2006,KT8,2014
{BEAC936D-EF9E-4ECE-B1E4-57DB599D5042},352600,2014-07-11 00:00,KT8 9BD,F,N,L,ROTARY COURT,19,HAMPTON COURT ROAD,,EAST MOLESEY,RICHMOND UPON THAMES,GREATER LONDON,8013.63636363636,2014.0,2014-07-11,F,L,352600.0,KT8 9BD,E09000027,{BEAC936D-EF9E-4ECE-B1E4-57DB599D5042},21101731.0,44.0,2.0,11.0,59.0,86.0,England and Wales: before 1900,8013.63636363636,2.0,44.0,59.0,England and Wales: before 1900,KT8,2014
{3EC608B3-4EC2-401B-ABEC-0A7BB1919C44},430000,2014-07-21 00:00,KT8 9BP,F,N,L,RIVERHOLME,FLAT 18,HAMPTON COURT ROAD,,EAST MOLESEY,RICHMOND UPON THAMES,GREATER LONDON,6334.7083087802,2014.0,2014-07-21,F,L,430000.0,KT8 9BP,E09000027,{3EC608B3-4EC2-401B-ABEC-0A7BB1919C44},21108547.0,67.88,3.0,11.0,74.0,76.0,England and Wales: 1976-1982,6334.7083087802,3.0,67.88,74.0,England and Wales: 1976-1982,KT8,2014
{21F19BA6-72A4-4AA9-9010-E410B4580126},1175000,2014-12-12 00:00,KT8 9BN,T,N,F,2,,PALACE GATE,,EAST MOLESEY,RICHMOND UPON THAMES,GREATER LONDON,5845.77114427861,2014.0,2014-12-12,T,F,1175000.0,KT8 9BN,E09000027,{21F19BA6-72A4-4AA9-9010-E410B4580126},21173207.0,201.0,7.0,11.0,40.0,67.0,England and Wales: before 1900,5845.77114427861,7.0,201.0,40.0,England and Wales: before 1900,KT8,2014
{0401A1F8-CFFE-4F86-98A4-46751C8F3148},500000,2015-05-01 00:00,KT8 9BP,F,N,L,RIVERHOLME,FLAT 9,HAMPTON COURT ROAD,,EAST MOLESEY,RICHMOND UPON THAMES,GREATER LONDON,7246.3768115942,2015.0,2015-05-01,F,L,500000.0,KT8 9BP,E09000027,{0401A1F8-CFFE-4F86-98A4-46751C8F3148},21135567.0,69.0,3.0,11.0,76.0,82.0,England and Wales: 1976-1982,7246.3768115942,3.0,69.0,76.0,England and Wales: 1976-1982,KT8,2015
{C3850B79-9A38-45BC-AD6D-8A99DDDA5DA7},400000,2015-05-19 00:00,KT8 9BZ,F,N,L,NORTH COTTAGE,2,HAMPTON COURT ROAD,,EAST MOLESEY,RICHMOND UPON THAMES,GREATER LONDON,5479.45205479452,2015.0,2015-05-19,F,L,400000.0,KT8 9BZ,E09000027,{C3850B79-9A38-45BC-AD6D-8A99DDDA5DA7},21138441.0,73.0,3.0,12.0,66.0,79.0,England and Wales: before 1900,5479.45205479452,3.0,73.0,66.0,England and Wales: before 1900,KT8,2015
{2FD36066-19B0-4BF8-E050-A8C0620562B1},550000,2015-09-30 00:00,KT8 9BP,D,N,F,RIVERSIDE COTTAGE,,HAMPTON COURT ROAD,,EAST MOLESEY,RICHMOND UPON THAMES,GREATER LONDON,6043.95604395604,2015.0,2015-09-30,D,F,550000.0,KT8 9BP,E09000027,{2FD36066-19B0-4BF8-E050-A8C0620562B1},21152524.0,91.0,5.0,12.0,54.0,84.0,England and Wales: before 1900,6043.95604395604,5.0,91.0,54.0,England and Wales: before 1900,KT8,2015
{2AC10E4F-F566-1AF6-E050-A8C063052BA1},784000,2016-01-08 00:00,KT8 9BZ,S,N,F,TUDOR HOUSE,,HAMPTON COURT ROAD,,EAST MOLESEY,RICHMOND UPON THAMES,GREATER LONDON,7332.58511036289,2016.0,2016-01-08,S,F,784000.0,KT8 9BZ,E09000027,{2AC10E4F-F566-1AF6-E050-A8C063052BA1},21144587.0,106.92,5.0,12.0,48.0,58.0,England and Wales: before 1900,7332.58511036289,5.0,106.92,48.0,England and Wales: before 1900,KT8,2016
{31FB4C18-0CDF-57B9-E050-A8C063053436},405000,2016-02-26 00:00,KT8 9BY,F,N,L,PARK VIEW,FLAT 1,HAMPTON COURT ROAD,,EAST MOLESEY,RICHMOND UPON THAMES,GREATER LONDON,5800.63019192209,2016.0,2016-02-26,F,L,405000.0,KT8 9BY,E09000027,{31FB4C18-0CDF-57B9-E050-A8C063053436},21142964.0,69.82,,11.0,83.0,83.0,England and Wales: 2007 onwards,5800.63019192209,,69.82,83.0,England and Wales: 2007 onwards,KT8,2016
{34428D7E-9094-B86C-E050-A8C06205059C},432000,2016-03-04 00:00,KT8 9BP,F,N,L,RIVERHOLME,FLAT 15,HAMPTON COURT ROAD,,EAST MOLESEY,RICHMOND UPON THAMES,GREATER LONDON,6545.45454545455,2016.0,2016-03-04,F,L,432000.0,KT8 9BP,E09000027,{34428D7E-9094-B86C-E050-A8C06205059C},21120272.0,66.0,3.0,11.0,75.0,79.0,England and Wales: 1976-1982,6545.45454545455,3.0,66.0,75.0,England and Wales: 1976-1982,KT8,2016
{2FD36065-CAA6-4BF8-E050-A8C0620562B1},825311,2016-03-23 00:00,KT8 9BY,T,N,F,TILTYARD COTTAGE,,HAMPTON COURT ROAD,,EAST MOLESEY,RICHMOND UPON THAMES,GREATER LONDON,6024.16788321168,2016.0,2016-03-23,T,F,825311.0,KT8 9BY,E09000027,{2FD36065-CAA6-4BF8-E050-A8C0620562B1},21129787.0,137.0,5.0,11.0,46.0,81.0,England and Wales: 1950-1966,6024.16788321168,5.0,137.0,46.0,England and Wales: 1950-1966,KT8,2016
{2FD36066-16A5-4BF8-E050-A8C0620562B1},245000,2016-03-24 00:00,KT8 9BD,F,N,L,ROTARY COURT,11,HAMPTON COURT ROAD,,EAST MOLESEY,RICHMOND UPON THAMES,GREATER LONDON,7656.25,2016.0,2016-03-24,F,L,245000.0,KT8 9BD,E09000027,{2FD36066-16A5-4BF8-E050-A8C0620562B1},21126359.0,32.0,1.0,11.0,39.0,82.0,England and Wales: before 1900,7656.25,1.0,32.0,39.0,England and Wales: before 1900,KT8,2016
{34428D7E-4959-B86C-E050-A8C06205059C},557000,2016-04-29 00:00,KT8 9BX,T,N,F,PARKSIDE,2,HAMPTON COURT ROAD,,EAST MOLESEY,RICHMOND UPON THAMES,GREATER LONDON,6630.95238095238,2016.0,2016-04-29,T,F,557000.0,KT8 9BX,E09000027,{34428D7E-4959-B86C-E050-A8C06205059C},21149664.0,84.0,5.0,11.0,64.0,81.0,England and Wales: before 1900,6630.95238095238,5.0,84.0,64.0,England and Wales: before 1900,KT8,2016
{34428D7E-8DF8-B86C-E050-A8C06205059C},328500,2016-05-19 00:00,KT8 9BD,F,N,L,ROTARY COURT,7,HAMPTON COURT ROAD,,EAST MOLESEY,RICHMOND UPON THAMES,GREATER LONDON,8012.19512195122,2016.0,2016-05-19,F,L,328500.0,KT8 9BD,E09000027,{34428D7E-8DF8-B86C-E050-A8C06205059C},21146626.0,41.0,2.0,11.0,55.0,83.0,England and Wales: 1900-1929,8012.19512195122,2.0,41.0,55.0,England and Wales: 1900-1929,KT8,2016
{49B7852A-8C27-7921-E050-A8C063056E8D},425000,2016-09-14 00:00,KT8 9BY,F,N,L,41,FLAT 2,HAMPTON COURT ROAD,,EAST MOLESEY,RICHMOND UPON THAMES,GREATER LONDON,7327.58620689655,2016.0,2016-09-14,F,L,425000.0,KT8 9BY,E09000027,{49B7852A-8C27-7921-E050-A8C063056E8D},21110581.0,58.0,,11.0,81.0,81.0,NO DATA!,7327.58620689655,,58.0,81.0,NO DATA!,KT8,2016
{404A5AF4-1126-CD2B-E050-A8C063055C7B},540000,2016-09-23 00:00,KT8 9BY,F,N,L,PARK VIEW,FLAT 2,HAMPTON COURT ROAD,,EAST MOLESEY,RICHMOND UPON THAMES,GREATER LONDON,7384.11048817175,2016.0,2016-09-23,F,L,540000.0,KT8 9BY,E09000027,{404A5AF4-1126-CD2B-E050-A8C063055C7B},21152100.0,73.13,,11.0,79.0,80.0,NO DATA!,7384.11048817175,,73.13,79.0,NO DATA!,KT8,2016
{42A5A709-A60B-56E8-E050-A8C06205331E},580000,2016-11-09 00:00,KT8 9BP,F,N,L,BRUNSTAN COURT,4,HAMPTON COURT ROAD,,EAST MOLESEY,RICHMOND UPON THAMES,GREATER LONDON,7250.0,2016.0,2016-11-09,F,L,580000.0,KT8 9BP,E09000027,{42A5A709-A60B-56E8-E050-A8C06205331E},21106902.0,80.0,3.0,11.0,29.0,48.0,England and Wales: 1950-1966,7250.0,3.0,80.0,29.0,England and Wales: 1950-1966,KT8,2016
{42A5A709-CA77-56E8-E050-A8C06205331E},335000,2016-11-09 00:00,KT8 9BD,F,N,L,ROTARY COURT,16,HAMPTON COURT ROAD,,EAST MOLESEY,RICHMOND UPON THAMES,GREATER LONDON,7613.63636363636,2016.0,2016-11-09,F,L,335000.0,KT8 9BD,E09000027,{42A5A709-CA77-56E8-E050-A8C06205331E},21135951.0,44.0,2.0,11.0,56.0,82.0,England and Wales: before 1900,7613.63636363636,2.0,44.0,56.0,England and Wales: before 1900,KT8,2016
{47844C80-608D-8986-E050-A8C063056488},305000,2016-12-07 00:00,KT8 9BD,F,N,L,ROTARY COURT,9,HAMPTON COURT ROAD,,EAST MOLESEY,RICHMOND UPON THAMES,GREATER LONDON,10166.6666666667,2016.0,2016-12-07,F,L,305000.0,KT8 9BD,E09000027,{47844C80-608D-8986-E050-A8C063056488},21104708.0,30.0,1.0,12.0,63.0,85.0,England and Wales: before 1900,10166.6666666667,1.0,30.0,63.0,England and Wales: before 1900,KT8,2016
{49B7852A-6A3D-7921-E050-A8C063056E8D},980000,2017-02-17 00:00,KT8 9BP,D,N,F,SOU SOU WEST,,HAMPTON COURT ROAD,,EAST MOLESEY,RICHMOND UPON THAMES,GREATER LONDON,6049.38271604938,2017.0,2017-02-17,D,F,980000.0,KT8 9BP,E09000027,{49B7852A-6A3D-7921-E050-A8C063056E8D},21141116.0,162.0,7.0,11.0,36.0,56.0,England and Wales: 1930-1949,6049.38271604938,7.0,162.0,36.0,England and Wales: 1930-1949,KT8,2017
{5CF9903C-8E57-7F13-E053-6C04A8C074B1},1100000,2017-06-09 00:00,KT8 9BY,T,N,F,39,,HAMPTON COURT ROAD,,EAST MOLESEY,RICHMOND UPON THAMES,GREATER LONDON,4888.88888888889,2017.0,2017-06-09,T,F,1100000.0,KT8 9BY,E09000027,{5CF9903C-8E57-7F13-E053-6C04A8C074B1},21131664.0,225.0,,11.0,82.0,87.0,NO DATA!,4888.88888888889,,225.0,82.0,NO DATA!,KT8,2017
{64342BFE-EC33-422C-E053-6C04A8C0FB8A},325000,2017-08-11 00:00,KT8 9BY,F,N,L,41,FLAT 1,HAMPTON COURT ROAD,,EAST MOLESEY,RICHMOND UPON THAMES,GREATER LONDON,5909.09090909091,2017.0,2017-08-11,F,L,325000.0,KT8 9BY,E09000027,{64342BFE-EC33-422C-E053-6C04A8C0FB8A},21126863.0,55.0,,11.0,82.0,82.0,NO DATA!,5909.09090909091,,55.0,82.0,NO DATA!,KT8,2017
{61D8894E-5E9B-3DE6-E053-6C04A8C01207},526250,2017-11-30 00:00,KT8 9BD,F,N,L,ROTARY COURT,17,HAMPTON COURT ROAD,,EAST MOLESEY,RICHMOND UPON THAMES,GREATER LONDON,8919.49152542373,2017.0,2017-11-30,F,L,526250.0,KT8 9BD,E09000027,{61D8894E-5E9B-3DE6-E053-6C04A8C01207},21174999.0,59.0,3.0,12.0,61.0,83.0,England and Wales: before 1900,8919.49152542373,3.0,59.0,61.0,England and Wales: before 1900,KT8,2017
{64342BFE-E84E-422C-E053-6C04A8C0FB8A},525000,2017-12-15 00:00,KT8 9DA,F,N,L,VINE HOUSE,2,HAMPTON COURT ROAD,,EAST MOLESEY,RICHMOND UPON THAMES,GREATER LONDON,6010.99152736432,2017.0,2017-12-15,F,L,525000.0,KT8 9DA,E09000027,{64342BFE-E84E-422C-E053-6C04A8C0FB8A},21129812.0,87.34,3.0,11.0,57.0,62.0,England and Wales: before 1900,6010.99152736432,3.0,87.34,57.0,England and Wales: before 1900,KT8,2017
{6DA0844A-6A87-30F2-E053-6B04A8C05F3B},670000,2018-05-01 00:00,KT8 9BP,F,N,L,BRUNSTAN COURT,2,HAMPTON COURT ROAD,,EAST MOLESEY,RICHMOND UPON THAMES,GREATER LONDON,7976.19047619048,2018.0,2018-05-01,F,L,670000.0,KT8 9BP,E09000027,{6DA0844A-6A87-30F2-E053-6B04A8C05F3B},21110374.0,84.0,4.0,11.0,51.0,71.0,England and Wales: 1930-1949,7976.19047619048,4.0,84.0,51.0,England and Wales: 1930-1949,KT8,2018
{726BF13B-33D9-0A46-E053-6C04A8C01D0D},330000,2018-07-04 00:00,KT8 9BP,F,N,L,RIVERHOLME,FLAT 3,HAMPTON COURT ROAD,,EAST MOLESEY,RICHMOND UPON THAMES,GREATER LONDON,5789.47368421053,2018.0,2018-07-04,F,L,330000.0,KT8 9BP,E09000027,{726BF13B-33D9-0A46-E053-6C04A8C01D0D},21112886.0,57.0,3.0,11.0,76.0,76.0,England and Wales: 1991-1995,5789.47368421053,3.0,57.0,76.0,England and Wales: 1991-1995,KT8,2018
{7C2D0700-B6B2-4963-E053-6B04A8C07B97},440000,2018-08-24 00:00,KT8 9BZ,F,N,L,NORTH COTTAGE,2,HAMPTON COURT ROAD,,EAST MOLESEY,RICHMOND UPON THAMES,GREATER LONDON,6027.39726027397,2018.0,2018-08-24,F,L,440000.0,KT8 9BZ,E09000027,{7C2D0700-B6B2-4963-E053-6B04A8C07B97},21138441.0,73.0,3.0,12.0,66.0,79.0,England and Wales: before 1900,6027.39726027397,3.0,73.0,66.0,England and Wales: before 1900,KT8,2018
{7C2D0700-924F-4963-E053-6B04A8C07B97},1420000,2018-10-11 00:00,KT8 9BW,T,N,F,PAPER HOUSE,,HAMPTON COURT ROAD,,EAST MOLESEY,RICHMOND UPON THAMES,GREATER LONDON,6960.78431372549,2018.0,2018-10-11,T,F,1420000.0,KT8 9BW,E09000027,{7C2D0700-924F-4963-E053-6B04A8C07B97},21173063.0,204.0,7.0,11.0,52.0,83.0,England and Wales: before 1900,6960.78431372549,7.0,204.0,52.0,England and Wales: before 1900,KT8,2018
{7C2D0700-9117-4963-E053-6B04A8C07B97},390000,2018-10-31 00:00,KT8 9BP,F,N,L,RIVERHOLME,FLAT 13,HAMPTON COURT ROAD,,EAST MOLESEY,RICHMOND UPON THAMES,GREATER LONDON,5714.28571428571,2018.0,2018-10-31,F,L,390000.0,KT8 9BP,E09000027,{7C2D0700-9117-4963-E053-6B04A8C07B97},21122077.0,68.25,3.0,11.0,65.0,73.0,England and Wales: 1967-1975,5714.28571428571,3.0,68.25,65.0,England and Wales: 1967-1975,KT8,2018
{85866A65-2A12-143F-E053-6B04A8C06A15},355550,2019-02-28 00:00,KT8 9BP,F,N,L,RIVERHOLME,FLAT 18,HAMPTON COURT ROAD,,EAST MOLESEY,RICHMOND UPON THAMES,GREATER LONDON,5237.91985857395,2019.0,2019-02-28,F,L,355550.0,KT8 9BP,E09000027,{85866A65-2A12-143F-E053-6B04A8C06A15},21108547.0,67.88,3.0,11.0,74.0,76.0,England and Wales: 1976-1982,5237.91985857395,3.0,67.88,74.0,England and Wales: 1976-1982,KT8,2019
{A2479555-A2DE-74C7-E053-6B04A8C0887D},545000,2019-08-12 00:00,KT8 9DA,F,N,L,3 VINE HOUSE,,HAMPTON COURT ROAD,,EAST MOLESEY,RICHMOND UPON THAMES,GREATER LONDON,6646.34146341463,2019.0,2019-08-12,F,L,545000.0,KT8 9DA,E09000027,{A2479555-A2DE-74C7-E053-6B04A8C0887D},21123647.0,82.0,4.0,11.0,70.0,79.0,England and Wales: before 1900,6646.34146341463,4.0,82.0,70.0,England and Wales: before 1900,KT8,2019
{9DBAD222-4C09-6EB3-E053-6B04A8C0F257},750000,2019-11-15 00:00,KT8 9BD,F,N,L,ROTARY COURT,18,HAMPTON COURT ROAD,,EAST MOLESEY,RICHMOND UPON THAMES,GREATER LONDON,11363.6363636364,2019.0,2019-11-15,F,L,750000.0,KT8 9BD,E09000027,{9DBAD222-4C09-6EB3-E053-6B04A8C0F257},21143234.0,66.0,4.0,11.0,47.0,84.0,England and Wales: before 1900,11363.6363636364,4.0,66.0,47.0,England and Wales: before 1900,KT8,2019
{AC07BBD0-7B31-0445-E053-6C04A8C01E31},360000,2020-06-15 00:00,KT8 9BY,F,N,L,PARK VIEW,FLAT 1,HAMPTON COURT ROAD,,EAST MOLESEY,RICHMOND UPON THAMES,GREATER LONDON,5156.11572615297,2020.0,2020-06-15,F,L,360000.0,KT8 9BY,E09000027,{AC07BBD0-7B31-0445-E053-6C04A8C01E31},21142964.0,69.82,,11.0,83.0,83.0,England and Wales: 2007 onwards,5156.11572615297,,69.82,83.0,England and Wales: 2007 onwards,KT8,2020
{B0A9D11B-D34C-4C1F-E053-6C04A8C0D716},294000,2020-07-17 00:00,KT8 9BD,F,N,L,ROTARY COURT,7,HAMPTON COURT ROAD,,EAST MOLESEY,RICHMOND UPON THAMES,GREATER LONDON,7170.73170731707,2020.0,2020-07-17,F,L,294000.0,KT8 9BD,E09000027,{B0A9D11B-D34C-4C1F-E053-6C04A8C0D716},21146626.0,41.0,2.0,11.0,55.0,83.0,England and Wales: 1900-1929,7170.73170731707,2.0,41.0,55.0,England and Wales: 1900-1929,KT8,2020
{BA558B33-27A8-76EF-E053-6B04A8C0B4B7},482500,2020-07-27 00:00,KT8 9BY,F,N,L,COURTVIEW HOUSE,FLAT 2,HAMPTON COURT ROAD,,EAST MOLESEY,RICHMOND UPON THAMES,GREATER LONDON,5956.79012345679,2020.0,2020-07-27,F,L,482500.0,KT8 9BY,E09000027,{BA558B33-27A8-76EF-E053-6B04A8C0B4B7},21164369.0,81.0,,11.0,79.0,79.0,NO DATA!,5956.79012345679,,81.0,79.0,NO DATA!,KT8,2020
{C3C3F9B6-5F00-362B-E053-6B04A8C03ACC},450000,2020-08-03 00:00,KT8 9BY,F,N,L,COURTVIEW HOUSE,FLAT 3,HAMPTON COURT ROAD,,EAST MOLESEY,RICHMOND UPON THAMES,GREATER LONDON,5555.55555555556,2020.0,2020-08-03,F,L,450000.0,KT8 9BY,E09000027,{C3C3F9B6-5F00-362B-E053-6B04A8C03ACC},21129136.0,81.0,,11.0,79.0,79.0,NO DATA!,5555.55555555556,,81.0,79.0,NO DATA!,KT8,2020
{D93B27B1-7293-3100-E053-6C04A8C08887},470000,2020-09-17 00:00,KT8 9BY,F,N,L,COURTVIEW HOUSE,FLAT 4,HAMPTON COURT ROAD,,EAST MOLESEY,RICHMOND UPON THAMES,GREATER LONDON,6438.35616438356,2020.0,2020-09-17,F,L,470000.0,KT8 9BY,E09000027,{D93B27B1-7293-3100-E053-6C04A8C08887},21142683.0,73.0,,11.0,78.0,78.0,NO DATA!,6438.35616438356,,73.0,78.0,NO DATA!,KT8,2020
{B82222ED-58AC-6691-E053-6B04A8C02FB2},450000,2020-09-22 00:00,KT8 9BP,F,N,L,RIVERHOLME,FLAT 15,HAMPTON COURT ROAD,,EAST MOLESEY,RICHMOND UPON THAMES,GREATER LONDON,6818.18181818182,2020.0,2020-09-22,F,L,450000.0,KT8 9BP,E09000027,{B82222ED-58AC-6691-E053-6B04A8C02FB2},21120272.0,66.0,3.0,11.0,75.0,79.0,England and Wales: 1976-1982,6818.18181818182,3.0,66.0,75.0,England and Wales: 1976-1982,KT8,2020
{BC8936BC-06AF-0E2C-E053-6C04A8C0DBF4},460000,2020-12-17 00:00,KT8 9BP,F,N,L,RIVERHOLME,FLAT 18,HAMPTON COURT ROAD,,EAST MOLESEY,RICHMOND UPON THAMES,GREATER LONDON,6776.66470241603,2020.0,2020-12-17,F,L,460000.0,KT8 9BP,E09000027,{BC8936BC-06AF-0E2C-E053-6C04A8C0DBF4},21108547.0,67.88,3.0,11.0,74.0,76.0,England and Wales: 1976-1982,6776.66470241603,3.0,67.88,74.0,England and Wales: 1976-1982,KT8,2020
{C6209F5F-EA28-295E-E053-6C04A8C0DDCC},1100000,2021-03-16 00:00,KT8 9DD,T,N,F,SWAN HOUSE,,HAMPTON COURT ROAD,,EAST MOLESEY,RICHMOND UPON THAMES,GREATER LONDON,7051.28205128205,2021.0,2021-03-16,T,F,1100000.0,KT8 9DD,E09000027,{C6209F5F-EA28-295E-E053-6C04A8C0DDCC},21140733.0,156.0,6.0,11.0,59.0,78.0,England and Wales: 1983-1990,7051.28205128205,6.0,156.0,59.0,England and Wales: 1983-1990,KT8,2021
{D707E535-DD05-0AD9-E053-6B04A8C067CC},1625000,2021-06-28 00:00,KT8 9BW,T,N,F,THE COURT COTTAGE,,HAMPTON COURT ROAD,,EAST MOLESEY,RICHMOND UPON THAMES,GREATER LONDON,5785.38877812589,2021.0,2021-06-28,T,F,1625000.0,KT8 9BW,E09000027,{D707E535-DD05-0AD9-E053-6B04A8C067CC},21165775.0,280.88,7.0,11.0,41.0,61.0,England and Wales: before 1900,5785.38877812589,7.0,280.88,41.0,England and Wales: before 1900,KT8,2021
{D93B27B1-7372-3100-E053-6C04A8C08887},400000,2021-08-18 00:00,KT8 9BY,F,N,L,COURTVIEW HOUSE,FLAT 1,HAMPTON COURT ROAD,,EAST MOLESEY,RICHMOND UPON THAMES,GREATER LONDON,5128.20512820513,2021.0,2021-08-18,F,L,400000.0,KT8 9BY,E09000027,{D93B27B1-7372-3100-E053-6C04A8C08887},21102458.0,78.0,,11.0,77.0,77.0,NO DATA!,5128.20512820513,,78.0,77.0,NO DATA!,KT8,2021
{DBA933F9-B601-669D-E053-6B04A8C0AD56},3600000,2021-09-20 00:00,KT8 9DA,D,N,F,PARK HOUSE,,HAMPTON COURT ROAD,,EAST MOLESEY,RICHMOND UPON THAMES,GREATER LONDON,8633.09352517986,2021.0,2021-09-20,D,F,3600000.0,KT8 9DA,E09000027,{DBA933F9-B601-669D-E053-6B04A8C0AD56},21123720.0,417.0,12.0,11.0,48.0,73.0,England and Wales: before 1900,8633.09352517986,12.0,417.0,48.0,England and Wales: before 1900,KT8,2021
{D22473F6-22DB-7B40-E053-6C04A8C0A630},1250000,2021-09-29 00:00,KT8 9DD,T,N,F,BAY TREE HOUSE,,HAMPTON COURT ROAD,,EAST MOLESEY,RICHMOND UPON THAMES,GREATER LONDON,7267.44186046512,2021.0,2021-09-29,T,F,1250000.0,KT8 9DD,E09000027,{D22473F6-22DB-7B40-E053-6C04A8C0A630},21169395.0,172.0,6.0,12.0,67.0,78.0,England and Wales: 1996-2002,7267.44186046512,6.0,172.0,67.0,England and Wales: 1996-2002,KT8,2021
